model,dd_dir,sym_file,dd_rev_guess,command_name,sym_id,flags
LD301,0001,0303.sym,03.03,write_number_table_points,16469,
LD301,0001,0303.sym,03.03,write_characterization_trim_mode,16525,
LD301,0001,0303.sym,03.03,WRITE_MANIPULATED_VARIABLE,16485,
LD301,0001,0303.sym,03.03,read_totalizer_parameters,16580,
LD301,0001,0303.sym,03.03,WRITE_SETPOINT_TRACKING_AND_CONTROLLER_MODE,16483,
LD301,0001,0303.sym,03.03,write_user_unit_string,16557,
LD301,0001,0303.sym,03.03,write_static_data_material,16416,
LD301,0001,0303.sym,03.03,write_max_flow,16581,
LD301,0001,0303.sym,03.03,write_number_char_points,16523,
LD301,0001,0303.sym,03.03,write_smar_ordering_code,16553,
LD301,0001,0303.sym,03.03,WRITE_DEVICE_MODE,16476,
LD301,0001,0303.sym,03.03,read_table_function,16467,
LD301,0001,0303.sym,03.03,write_total_unit,16585,
LD301,0001,0303.sym,03.03,read_display_code,16528,
LD301,0001,0303.sym,03.03,READ_PID_BLOCK_CONFIGURATION,16474,
LD301,0001,0303.sym,03.03,write_cut_off_mode,16502,
LD301,0001,0303.sym,03.03,read_square_root_parameters,16500,
LD301,0001,0303.sym,03.03,READ_MANIPULATED_VARIABLE_LIMITS,16494,
LD301,0001,0303.sym,03.03,read_change_counters,16542,
LD301,0001,0303.sym,03.03,write_square_root_parameters,16501,
LD301,0001,0303.sym,03.03,write_user_unit_mode,16563,
LD301,0001,0303.sym,03.03,read_total_unit,16584,
LD301,0001,0303.sym,03.03,read_total,16577,
LD301,0001,0303.sym,03.03,Write_Display_Code,16529,
LD301,0001,0303.sym,03.03,backup_restore,16589,
LD301,0001,0303.sym,03.03,READ_CONTROLLER_VARIABLES_PERCENTAGE,16482,
LD301,0001,0303.sym,03.03,read_passwords,16545,
LD301,0001,0303.sym,03.03,write_analog_output_alarm_select,16586,
LD301,0001,0303.sym,03.03,read_user_unit_string,16556,
LD301,0001,0303.sym,03.03,WRITE_PROPORTIONAL_FACTOR,16490,
LD301,0001,0303.sym,03.03,read_char_trim_point,16522,
LD301,0001,0303.sym,03.03,write_char_trim_point,16524,
LD301,0001,0303.sym,03.03,read_password_levels,16564,
LD301,0001,0303.sym,03.03,read_static_data_material,16415,
LD301,0001,0303.sym,03.03,WRITE_SETPOINT,16484,
LD301,0001,0303.sym,03.03,write_total_conversion_factor,16582,
LD301,0001,0303.sym,03.03,WRITE_PID_BLOCK_CONFIGURATION,16475,
LD301,0001,0303.sym,03.03,READ_DEVICE_MODE,16473,
LD301,0001,0303.sym,03.03,write_password_levels,16573,
LD301,0001,0303.sym,03.03,READ_PID_BLOCK_PARAMETERS,16489,
LD301,0001,0303.sym,03.03,WRITE_POWER_UP_DATA,16499,
LD301,0001,0303.sym,03.03,write_communication_protection_mode,16543,
LD301,0001,0303.sym,03.03,WRITE_MANIPULATED_VARIABLE_LIMITS,16495,
LD301,0001,0303.sym,03.03,WRITE_DERIVATIVE_TIME,16492,
LD301,0001,0303.sym,03.03,READ_POWER_UP_DATA,16498,
LD301,0001,0303.sym,03.03,write_totalizer_mode,16575,
LD301,0001,0303.sym,03.03,read_smar_ordering_code,16552,
LD301,0001,0303.sym,03.03,WRITE_INTEGRAL_TIME,16491,
LD301,0001,0303.sym,03.03,write_passwords,16549,
LD301,0001,0303.sym,03.03,reset_totalizer,16576,
LD301,0001,0303.sym,03.03,write_table_function,16468,
LD301,0001,0303.sym,03.03,read_users_values,16561,
LD301,0001,0303.sym,03.03,write_user_values,16562,
LD301,0001,0304.sym,03.04,write_number_table_points,16469,
LD301,0001,0304.sym,03.04,write_characterization_trim_mode,16525,
LD301,0001,0304.sym,03.04,WRITE_MANIPULATED_VARIABLE,16485,
LD301,0001,0304.sym,03.04,read_totalizer_parameters,16580,
LD301,0001,0304.sym,03.04,WRITE_SETPOINT_TRACKING_AND_CONTROLLER_MODE,16483,
LD301,0001,0304.sym,03.04,write_user_unit_string,16557,
LD301,0001,0304.sym,03.04,write_static_data_material,16416,
LD301,0001,0304.sym,03.04,write_max_flow,16581,
LD301,0001,0304.sym,03.04,write_number_char_points,16523,
LD301,0001,0304.sym,03.04,write_smar_ordering_code,16553,
LD301,0001,0304.sym,03.04,WRITE_DEVICE_MODE,16476,
LD301,0001,0304.sym,03.04,read_table_function,16467,
LD301,0001,0304.sym,03.04,write_total_unit,16585,
LD301,0001,0304.sym,03.04,read_enable_disable_zero_curve_flag,16649,
LD301,0001,0304.sym,03.04,write_enable_disable_zero_curve_flag,16650,
LD301,0001,0304.sym,03.04,read_display_code,16528,
LD301,0001,0304.sym,03.04,READ_PID_BLOCK_CONFIGURATION,16474,
LD301,0001,0304.sym,03.04,write_cut_off_mode,16502,
LD301,0001,0304.sym,03.04,read_square_root_parameters,16500,
LD301,0001,0304.sym,03.04,READ_MANIPULATED_VARIABLE_LIMITS,16494,
LD301,0001,0304.sym,03.04,read_change_counters,16542,
LD301,0001,0304.sym,03.04,write_square_root_parameters,16501,
LD301,0001,0304.sym,03.04,trim_temperature_sensor,16652,
LD301,0001,0304.sym,03.04,write_user_unit_mode,16563,
LD301,0001,0304.sym,03.04,read_total_unit,16584,
LD301,0001,0304.sym,03.04,read_total,16577,
LD301,0001,0304.sym,03.04,Write_Display_Code,16529,
LD301,0001,0304.sym,03.04,backup_restore,16589,
LD301,0001,0304.sym,03.04,READ_CONTROLLER_VARIABLES_PERCENTAGE,16482,
LD301,0001,0304.sym,03.04,read_passwords,16545,
LD301,0001,0304.sym,03.04,write_device_identification_number,16647,
LD301,0001,0304.sym,03.04,read_user_unit_string,16556,
LD301,0001,0304.sym,03.04,write_analog_output_alarm_select,16586,
LD301,0001,0304.sym,03.04,WRITE_PROPORTIONAL_FACTOR,16490,
LD301,0001,0304.sym,03.04,read_char_trim_point,16522,
LD301,0001,0304.sym,03.04,write_char_trim_point,16524,
LD301,0001,0304.sym,03.04,read_password_levels,16564,
LD301,0001,0304.sym,03.04,read_static_data_material,16415,
LD301,0001,0304.sym,03.04,WRITE_SETPOINT,16484,
LD301,0001,0304.sym,03.04,write_total_conversion_factor,16582,
LD301,0001,0304.sym,03.04,WRITE_PID_BLOCK_CONFIGURATION,16475,
LD301,0001,0304.sym,03.04,READ_DEVICE_MODE,16473,
LD301,0001,0304.sym,03.04,write_password_levels,16573,
LD301,0001,0304.sym,03.04,READ_PID_BLOCK_PARAMETERS,16489,
LD301,0001,0304.sym,03.04,WRITE_POWER_UP_DATA,16499,
LD301,0001,0304.sym,03.04,write_communication_protection_mode,16543,
LD301,0001,0304.sym,03.04,WRITE_MANIPULATED_VARIABLE_LIMITS,16495,
LD301,0001,0304.sym,03.04,WRITE_DERIVATIVE_TIME,16492,
LD301,0001,0304.sym,03.04,READ_POWER_UP_DATA,16498,
LD301,0001,0304.sym,03.04,write_totalizer_mode,16575,
LD301,0001,0304.sym,03.04,read_smar_ordering_code,16552,
LD301,0001,0304.sym,03.04,WRITE_INTEGRAL_TIME,16491,
LD301,0001,0304.sym,03.04,write_passwords,16549,
LD301,0001,0304.sym,03.04,reset_totalizer,16576,
LD301,0001,0304.sym,03.04,write_table_function,16468,
LD301,0001,0304.sym,03.04,read_users_values,16561,
LD301,0001,0304.sym,03.04,write_user_values,16562,
LD301,0001,0305.sym,03.05,write_number_table_points,16469,
LD301,0001,0305.sym,03.05,write_characterization_trim_mode,16525,
LD301,0001,0305.sym,03.05,WRITE_MANIPULATED_VARIABLE,16485,
LD301,0001,0305.sym,03.05,read_totalizer_parameters,16580,
LD301,0001,0305.sym,03.05,WRITE_SETPOINT_TRACKING_AND_CONTROLLER_MODE,16483,
LD301,0001,0305.sym,03.05,write_user_unit_string,16557,
LD301,0001,0305.sym,03.05,write_static_data_material,16416,
LD301,0001,0305.sym,03.05,write_max_flow,16581,
LD301,0001,0305.sym,03.05,write_number_char_points,16523,
LD301,0001,0305.sym,03.05,write_smar_ordering_code,16553,
LD301,0001,0305.sym,03.05,WRITE_DEVICE_MODE,16476,
LD301,0001,0305.sym,03.05,read_table_function,16467,
LD301,0001,0305.sym,03.05,write_total_unit,16585,
LD301,0001,0305.sym,03.05,read_enable_disable_zero_curve_flag,16649,
LD301,0001,0305.sym,03.05,write_enable_disable_zero_curve_flag,16650,
LD301,0001,0305.sym,03.05,read_display_code,16528,
LD301,0001,0305.sym,03.05,READ_PID_BLOCK_CONFIGURATION,16474,
LD301,0001,0305.sym,03.05,write_cut_off_mode,16502,
LD301,0001,0305.sym,03.05,read_square_root_parameters,16500,
LD301,0001,0305.sym,03.05,READ_MANIPULATED_VARIABLE_LIMITS,16494,
LD301,0001,0305.sym,03.05,read_change_counters,16542,
LD301,0001,0305.sym,03.05,write_square_root_parameters,16501,
LD301,0001,0305.sym,03.05,trim_temperature_sensor,16652,
LD301,0001,0305.sym,03.05,write_user_unit_mode,16563,
LD301,0001,0305.sym,03.05,read_total_unit,16584,
LD301,0001,0305.sym,03.05,read_total,16577,
LD301,0001,0305.sym,03.05,Write_Display_Code,16529,
LD301,0001,0305.sym,03.05,backup_restore,16589,
LD301,0001,0305.sym,03.05,READ_CONTROLLER_VARIABLES_PERCENTAGE,16482,
LD301,0001,0305.sym,03.05,read_passwords,16545,
LD301,0001,0305.sym,03.05,write_device_identification_number,16647,
LD301,0001,0305.sym,03.05,read_user_unit_string,16556,
LD301,0001,0305.sym,03.05,write_analog_output_alarm_select,16586,
LD301,0001,0305.sym,03.05,WRITE_PROPORTIONAL_FACTOR,16490,
LD301,0001,0305.sym,03.05,read_char_trim_point,16522,
LD301,0001,0305.sym,03.05,write_char_trim_point,16524,
LD301,0001,0305.sym,03.05,read_password_levels,16564,
LD301,0001,0305.sym,03.05,read_static_data_material,16415,
LD301,0001,0305.sym,03.05,WRITE_SETPOINT,16484,
LD301,0001,0305.sym,03.05,write_total_conversion_factor,16582,
LD301,0001,0305.sym,03.05,WRITE_PID_BLOCK_CONFIGURATION,16475,
LD301,0001,0305.sym,03.05,READ_DEVICE_MODE,16473,
LD301,0001,0305.sym,03.05,write_password_levels,16573,
LD301,0001,0305.sym,03.05,READ_PID_BLOCK_PARAMETERS,16489,
LD301,0001,0305.sym,03.05,WRITE_POWER_UP_DATA,16499,
LD301,0001,0305.sym,03.05,write_communication_protection_mode,16543,
LD301,0001,0305.sym,03.05,WRITE_MANIPULATED_VARIABLE_LIMITS,16495,
LD301,0001,0305.sym,03.05,WRITE_DERIVATIVE_TIME,16492,
LD301,0001,0305.sym,03.05,READ_POWER_UP_DATA,16498,
LD301,0001,0305.sym,03.05,write_totalizer_mode,16575,
LD301,0001,0305.sym,03.05,read_smar_ordering_code,16552,
LD301,0001,0305.sym,03.05,WRITE_INTEGRAL_TIME,16491,
LD301,0001,0305.sym,03.05,write_passwords,16549,
LD301,0001,0305.sym,03.05,reset_totalizer,16576,
LD301,0001,0305.sym,03.05,write_table_function,16468,
LD301,0001,0305.sym,03.05,read_users_values,16561,
LD301,0001,0305.sym,03.05,write_user_values,16562,
LD301,0001,0306.sym,03.06,write_number_table_points,16469,
LD301,0001,0306.sym,03.06,write_characterization_trim_mode,16525,
LD301,0001,0306.sym,03.06,WRITE_MANIPULATED_VARIABLE,16485,
LD301,0001,0306.sym,03.06,read_totalizer_parameters,16580,
LD301,0001,0306.sym,03.06,WRITE_SETPOINT_TRACKING_AND_CONTROLLER_MODE,16483,
LD301,0001,0306.sym,03.06,write_user_unit_string,16557,
LD301,0001,0306.sym,03.06,write_static_data_material,16416,
LD301,0001,0306.sym,03.06,write_max_flow,16581,
LD301,0001,0306.sym,03.06,write_number_char_points,16523,
LD301,0001,0306.sym,03.06,write_smar_ordering_code,16553,
LD301,0001,0306.sym,03.06,WRITE_DEVICE_MODE,16476,
LD301,0001,0306.sym,03.06,read_table_function,16467,
LD301,0001,0306.sym,03.06,write_total_unit,16585,
LD301,0001,0306.sym,03.06,read_enable_disable_zero_curve_flag,16649,
LD301,0001,0306.sym,03.06,write_enable_disable_zero_curve_flag,16650,
LD301,0001,0306.sym,03.06,read_display_code,16528,
LD301,0001,0306.sym,03.06,READ_PID_BLOCK_CONFIGURATION,16474,
LD301,0001,0306.sym,03.06,write_cut_off_mode,16502,
LD301,0001,0306.sym,03.06,read_square_root_parameters,16500,
LD301,0001,0306.sym,03.06,READ_MANIPULATED_VARIABLE_LIMITS,16494,
LD301,0001,0306.sym,03.06,read_change_counters,16542,
LD301,0001,0306.sym,03.06,write_square_root_parameters,16501,
LD301,0001,0306.sym,03.06,trim_temperature_sensor,16652,
LD301,0001,0306.sym,03.06,write_user_unit_mode,16563,
LD301,0001,0306.sym,03.06,read_total_unit,16584,
LD301,0001,0306.sym,03.06,read_total,16577,
LD301,0001,0306.sym,03.06,Write_Display_Code,16529,
LD301,0001,0306.sym,03.06,backup_restore,16589,
LD301,0001,0306.sym,03.06,READ_CONTROLLER_VARIABLES_PERCENTAGE,16482,
LD301,0001,0306.sym,03.06,read_passwords,16545,
LD301,0001,0306.sym,03.06,write_device_identification_number,16647,
LD301,0001,0306.sym,03.06,read_user_unit_string,16556,
LD301,0001,0306.sym,03.06,write_analog_output_alarm_select,16586,
LD301,0001,0306.sym,03.06,WRITE_PROPORTIONAL_FACTOR,16490,
LD301,0001,0306.sym,03.06,read_char_trim_point,16522,
LD301,0001,0306.sym,03.06,write_char_trim_point,16524,
LD301,0001,0306.sym,03.06,read_password_levels,16564,
LD301,0001,0306.sym,03.06,read_static_data_material,16415,
LD301,0001,0306.sym,03.06,WRITE_SETPOINT,16484,
LD301,0001,0306.sym,03.06,write_total_conversion_factor,16582,
LD301,0001,0306.sym,03.06,WRITE_PID_BLOCK_CONFIGURATION,16475,
LD301,0001,0306.sym,03.06,READ_DEVICE_MODE,16473,
LD301,0001,0306.sym,03.06,write_password_levels,16573,
LD301,0001,0306.sym,03.06,READ_PID_BLOCK_PARAMETERS,16489,
LD301,0001,0306.sym,03.06,WRITE_POWER_UP_DATA,16499,
LD301,0001,0306.sym,03.06,write_communication_protection_mode,16543,
LD301,0001,0306.sym,03.06,WRITE_MANIPULATED_VARIABLE_LIMITS,16495,
LD301,0001,0306.sym,03.06,WRITE_DERIVATIVE_TIME,16492,
LD301,0001,0306.sym,03.06,READ_POWER_UP_DATA,16498,
LD301,0001,0306.sym,03.06,write_totalizer_mode,16575,
LD301,0001,0306.sym,03.06,read_smar_ordering_code,16552,
LD301,0001,0306.sym,03.06,WRITE_INTEGRAL_TIME,16491,
LD301,0001,0306.sym,03.06,write_passwords,16549,
LD301,0001,0306.sym,03.06,reset_totalizer,16576,
LD301,0001,0306.sym,03.06,write_table_function,16468,
LD301,0001,0306.sym,03.06,read_users_values,16561,
LD301,0001,0306.sym,03.06,write_user_values,16562,
LD301,0001,0401.sym,04.01,write_number_table_points,16462,
LD301,0001,0401.sym,04.01,write_characterization_trim_mode,16521,
LD301,0001,0401.sym,04.01,WRITE_MANIPULATED_VARIABLE,16481,
LD301,0001,0401.sym,04.01,read_totalizer_parameters,16561,
LD301,0001,0401.sym,04.01,WRITE_SETPOINT_TRACKING_AND_CONTROLLER_MODE,16479,
LD301,0001,0401.sym,04.01,write_user_unit_string,16546,
LD301,0001,0401.sym,04.01,write_static_data_material,16409,
LD301,0001,0401.sym,04.01,write_max_flow,16562,
LD301,0001,0401.sym,04.01,write_number_char_points,16519,
LD301,0001,0401.sym,04.01,write_smar_ordering_code,16542,
LD301,0001,0401.sym,04.01,WRITE_DEVICE_MODE,16469,
LD301,0001,0401.sym,04.01,read_table_function,16460,
LD301,0001,0401.sym,04.01,write_total_unit,16566,
LD301,0001,0401.sym,04.01,read_enable_disable_zero_curve_flag,16649,
LD301,0001,0401.sym,04.01,write_enable_disable_zero_curve_flag,16650,
LD301,0001,0401.sym,04.01,read_display_code,16524,
LD301,0001,0401.sym,04.01,READ_PID_BLOCK_CONFIGURATION,16467,
LD301,0001,0401.sym,04.01,write_cut_off_mode,16498,
LD301,0001,0401.sym,04.01,read_square_root_parameters,16496,
LD301,0001,0401.sym,04.01,READ_MANIPULATED_VARIABLE_LIMITS,16490,
LD301,0001,0401.sym,04.01,read_change_counters,16538,
LD301,0001,0401.sym,04.01,write_square_root_parameters,16497,
LD301,0001,0401.sym,04.01,trim_temperature_sensor,16652,
LD301,0001,0401.sym,04.01,write_user_unit_mode,16552,
LD301,0001,0401.sym,04.01,read_total_unit,16565,
LD301,0001,0401.sym,04.01,read_total,16558,
LD301,0001,0401.sym,04.01,Write_Display_Code,16525,
LD301,0001,0401.sym,04.01,backup_restore,16570,
LD301,0001,0401.sym,04.01,READ_CONTROLLER_VARIABLES_PERCENTAGE,16478,
LD301,0001,0401.sym,04.01,read_passwords,16597,
LD301,0001,0401.sym,04.01,write_device_identification_number,16647,
LD301,0001,0401.sym,04.01,write_analog_output_alarm_select,16567,
LD301,0001,0401.sym,04.01,read_user_unit_string,16545,
LD301,0001,0401.sym,04.01,WRITE_PROPORTIONAL_FACTOR,16486,
LD301,0001,0401.sym,04.01,read_char_trim_point,16518,
LD301,0001,0401.sym,04.01,write_char_trim_point,16520,
LD301,0001,0401.sym,04.01,read_password_levels,16604,
LD301,0001,0401.sym,04.01,read_static_data_material,16408,
LD301,0001,0401.sym,04.01,WRITE_SETPOINT,16480,
LD301,0001,0401.sym,04.01,write_total_conversion_factor,16563,
LD301,0001,0401.sym,04.01,WRITE_PID_BLOCK_CONFIGURATION,16468,
LD301,0001,0401.sym,04.01,READ_DEVICE_MODE,16466,
LD301,0001,0401.sym,04.01,write_password_levels,16613,
LD301,0001,0401.sym,04.01,READ_PID_BLOCK_PARAMETERS,16485,
LD301,0001,0401.sym,04.01,WRITE_POWER_UP_DATA,16495,
LD301,0001,0401.sym,04.01,write_communication_protection_mode,16539,
LD301,0001,0401.sym,04.01,WRITE_MANIPULATED_VARIABLE_LIMITS,16491,
LD301,0001,0401.sym,04.01,WRITE_DERIVATIVE_TIME,16488,
LD301,0001,0401.sym,04.01,READ_POWER_UP_DATA,16494,
LD301,0001,0401.sym,04.01,write_totalizer_mode,16555,
LD301,0001,0401.sym,04.01,read_smar_ordering_code,16541,
LD301,0001,0401.sym,04.01,WRITE_INTEGRAL_TIME,16487,
LD301,0001,0401.sym,04.01,write_passwords,16601,
LD301,0001,0401.sym,04.01,reset_totalizer,16557,
LD301,0001,0401.sym,04.01,write_table_function,16461,
LD301,0001,0401.sym,04.01,read_users_values,16550,
LD301,0001,0401.sym,04.01,write_user_values,16551,
LD301,0001,0402.sym,04.02,read_square_root_parameters,16496,
LD301,0001,0402.sym,04.02,READ_CONTROLLER_VARIABLES_PERCENTAGE,16478,
LD301,0001,0402.sym,04.02,write_communication_protection_mode,16539,
LD301,0001,0402.sym,04.02,read_change_counters,16538,
LD301,0001,0402.sym,04.02,read_totalizer_parameters,16561,
LD301,0001,0402.sym,04.02,read_display_code,16524,
LD301,0001,0402.sym,04.02,write_analog_output_alarm_select,16567,
LD301,0001,0402.sym,04.02,write_smar_ordering_code,16542,
LD301,0001,0402.sym,04.02,read_char_trim_point,16518,
LD301,0001,0402.sym,04.02,write_user_values,16551,
LD301,0001,0402.sym,04.02,read_smar_ordering_code,16541,
LD301,0001,0402.sym,04.02,write_device_identification_number,16647,
LD301,0001,0402.sym,04.02,write_user_unit_mode,16552,
LD301,0001,0402.sym,04.02,write_user_unit_string,16546,
LD301,0001,0402.sym,04.02,write_cut_off_mode,16498,
LD301,0001,0402.sym,04.02,read_user_unit_string,16545,
LD301,0001,0402.sym,04.02,WRITE_MANIPULATED_VARIABLE_LIMITS,16491,
LD301,0001,0402.sym,04.02,write_table_function,16461,
LD301,0001,0402.sym,04.02,reset_totalizer,16557,
LD301,0001,0402.sym,04.02,WRITE_INTEGRAL_TIME,16487,
LD301,0001,0402.sym,04.02,write_max_flow,16562,
LD301,0001,0402.sym,04.02,WRITE_SETPOINT,16480,
LD301,0001,0402.sym,04.02,WRITE_MANIPULATED_VARIABLE,16481,
LD301,0001,0402.sym,04.02,read_total,16558,
LD301,0001,0402.sym,04.02,write_total_conversion_factor,16563,
LD301,0001,0402.sym,04.02,write_characterization_trim_mode,16521,
LD301,0001,0402.sym,04.02,READ_MANIPULATED_VARIABLE_LIMITS,16490,
LD301,0001,0402.sym,04.02,backup_restore,16570,
LD301,0001,0402.sym,04.02,READ_PID_BLOCK_PARAMETERS,16485,
LD301,0001,0402.sym,04.02,read_static_data_material,16408,
LD301,0001,0402.sym,04.02,WRITE_DEVICE_MODE,16469,
LD301,0001,0402.sym,04.02,write_square_root_parameters,16497,
LD301,0001,0402.sym,04.02,write_number_table_points,16462,
LD301,0001,0402.sym,04.02,write_enable_disable_zero_curve_flag,16650,
LD301,0001,0402.sym,04.02,read_users_values,16550,
LD301,0001,0402.sym,04.02,WRITE_PID_BLOCK_CONFIGURATION,16468,
LD301,0001,0402.sym,04.02,READ_POWER_UP_DATA,16494,
LD301,0001,0402.sym,04.02,write_static_data_material,16409,
LD301,0001,0402.sym,04.02,read_table_function,16460,
LD301,0001,0402.sym,04.02,trim_temperature_sensor,16652,
LD301,0001,0402.sym,04.02,write_passwords,16601,
LD301,0001,0402.sym,04.02,read_total_unit,16565,
LD301,0001,0402.sym,04.02,write_password_levels,16613,
LD301,0001,0402.sym,04.02,WRITE_DERIVATIVE_TIME,16488,
LD301,0001,0402.sym,04.02,write_total_unit,16566,
LD301,0001,0402.sym,04.02,read_password_levels,16604,
LD301,0001,0402.sym,04.02,Write_Display_Code,16525,
LD301,0001,0402.sym,04.02,read_enable_disable_zero_curve_flag,16649,
LD301,0001,0402.sym,04.02,write_char_trim_point,16520,
LD301,0001,0402.sym,04.02,WRITE_SETPOINT_TRACKING_AND_CONTROLLER_MODE,16479,
LD301,0001,0402.sym,04.02,READ_PID_BLOCK_CONFIGURATION,16467,
LD301,0001,0402.sym,04.02,read_passwords,16597,
LD301,0001,0402.sym,04.02,write_totalizer_mode,16555,
LD301,0001,0402.sym,04.02,READ_DEVICE_MODE,16466,
LD301,0001,0402.sym,04.02,WRITE_PROPORTIONAL_FACTOR,16486,
LD301,0001,0402.sym,04.02,write_number_char_points,16519,
LD301,0001,0402.sym,04.02,WRITE_POWER_UP_DATA,16495,
LD301,0001,0501.sym,05.01,read_output_table_mode_number_of_points,16662,
LD301,0001,0501.sym,05.01,write_local_key_mode_control,16554,
LD301,0001,0501.sym,05.01,read_square_root_parameters,16502,
LD301,0001,0501.sym,05.01,READ_CONTROLLER_VARIABLES_PERCENTAGE,16482,
LD301,0001,0501.sym,05.01,write_communication_protection_mode,16548,
LD301,0001,0501.sym,05.01,read_change_counters,16547,
LD301,0001,0501.sym,05.01,read_totalizer_parameters,16592,
LD301,0001,0501.sym,05.01,read_display_code,16531,
LD301,0001,0501.sym,05.01,write_analog_output_alarm_select,16598,
LD301,0001,0501.sym,05.01,write_output_table_point,16660,
LD301,0001,0501.sym,05.01,write_smar_ordering_code,16565,
LD301,0001,0501.sym,05.01,read_char_trim_point,16525,
LD301,0001,0501.sym,05.01,read_output_table_point,16659,
LD301,0001,0501.sym,05.01,write_user_values,16574,
LD301,0001,0501.sym,05.01,read_smar_ordering_code,16564,
LD301,0001,0501.sym,05.01,write_device_identification_number,16504,
LD301,0001,0501.sym,05.01,write_user_unit_mode,16575,
LD301,0001,0501.sym,05.01,write_user_unit_string,16569,
LD301,0001,0501.sym,05.01,write_cut_off_mode,16505,
LD301,0001,0501.sym,05.01,read_user_unit_string,16568,
LD301,0001,0501.sym,05.01,WRITE_MANIPULATED_VARIABLE_LIMITS,16497,
LD301,0001,0501.sym,05.01,write_table_function,16469,
LD301,0001,0501.sym,05.01,reset_totalizer,16588,
LD301,0001,0501.sym,05.01,WRITE_INTEGRAL_TIME,16491,
LD301,0001,0501.sym,05.01,write_max_flow,16593,
LD301,0001,0501.sym,05.01,WRITE_SETPOINT,16484,
LD301,0001,0501.sym,05.01,write_output_table_mode,16663,
LD301,0001,0501.sym,05.01,WRITE_MANIPULATED_VARIABLE,16485,
LD301,0001,0501.sym,05.01,read_total,16589,
LD301,0001,0501.sym,05.01,write_total_conversion_factor,16594,
LD301,0001,0501.sym,05.01,write_characterization_trim_mode,16528,
LD301,0001,0501.sym,05.01,READ_MANIPULATED_VARIABLE_LIMITS,16496,
LD301,0001,0501.sym,05.01,backup_restore,16601,
LD301,0001,0501.sym,05.01,READ_PID_BLOCK_PARAMETERS,16489,
LD301,0001,0501.sym,05.01,read_static_data_material,16416,
LD301,0001,0501.sym,05.01,WRITE_DEVICE_MODE,16478,
LD301,0001,0501.sym,05.01,write_square_root_parameters,16503,
LD301,0001,0501.sym,05.01,write_number_table_points,16470,
LD301,0001,0501.sym,05.01,write_number_of_points,16664,
LD301,0001,0501.sym,05.01,write_enable_disable_zero_curve_flag,16604,
LD301,0001,0501.sym,05.01,read_users_values,16573,
LD301,0001,0501.sym,05.01,WRITE_PID_BLOCK_CONFIGURATION,16477,
LD301,0001,0501.sym,05.01,READ_POWER_UP_DATA,16500,
LD301,0001,0501.sym,05.01,write_static_data_material,16417,
LD301,0001,0501.sym,05.01,read_controller_variables,16610,
LD301,0001,0501.sym,05.01,write_power_up_setpoint,16612,
LD301,0001,0501.sym,05.01,read_table_function,16468,
LD301,0001,0501.sym,05.01,read_measured_fluid_density,16674,
LD301,0001,0501.sym,05.01,trim_temperature_sensor,16606,
LD301,0001,0501.sym,05.01,write_passwords,16561,
LD301,0001,0501.sym,05.01,read_total_unit,16596,
LD301,0001,0501.sym,05.01,read_overload_parameters,16673,
LD301,0001,0501.sym,05.01,write_password_levels,16585,
LD301,0001,0501.sym,05.01,WRITE_DERIVATIVE_TIME,16492,
LD301,0001,0501.sym,05.01,write_measured_fluid_density,16675,
LD301,0001,0501.sym,05.01,write_total_unit,16597,
LD301,0001,0501.sym,05.01,read_password_levels,16576,
LD301,0001,0501.sym,05.01,Write_Display_Code,16532,
LD301,0001,0501.sym,05.01,read_enable_disable_zero_curve_flag,16603,
LD301,0001,0501.sym,05.01,write_char_trim_point,16527,
LD301,0001,0501.sym,05.01,WRITE_SETPOINT_TRACKING_AND_CONTROLLER_MODE,16483,
LD301,0001,0501.sym,05.01,READ_PID_BLOCK_CONFIGURATION,16476,
LD301,0001,0501.sym,05.01,read_passwords,16556,
LD301,0001,0501.sym,05.01,write_totalizer_mode,16587,
LD301,0001,0501.sym,05.01,read_local_key_mode_control,16553,
LD301,0001,0501.sym,05.01,READ_DEVICE_MODE,16475,
LD301,0001,0501.sym,05.01,WRITE_PROPORTIONAL_FACTOR,16490,
LD301,0001,0501.sym,05.01,write_number_char_points,16526,
LD301,0001,0501.sym,05.01,WRITE_POWER_UP_DATA,16501,
TT301,0002,0202.sym,02.02,write_set_point_time_generator_mode,16477,
TT301,0002,0202.sym,02.02,write_special_unit,16545,
TT301,0002,0202.sym,02.02,write_write_protection_mode,16525,
TT301,0002,0202.sym,02.02,enable_cold_junction_for_mv_special,16574,
TT301,0002,0202.sym,02.02,read_special_sensor_input_data,16553,
TT301,0002,0202.sym,02.02,write_power_on_data,16470,
TT301,0002,0202.sym,02.02,write_special_sensor_input_data,16559,
TT301,0002,0202.sym,02.02,reset_counter_of_change,16521,
TT301,0002,0202.sym,02.02,write_static_data_configuration,16425,
TT301,0002,0202.sym,02.02,write_alarm_configuration,16500,
TT301,0002,0202.sym,02.02,read_curve_parameters,16478,
TT301,0002,0202.sym,02.02,read_password,16528,
TT301,0002,0202.sym,02.02,perform_user_calibration,16431,
TT301,0002,0202.sym,02.02,write_menu_configuration_password,16570,
TT301,0002,0202.sym,02.02,read_static_data_configuration,16422,
TT301,0002,0202.sym,02.02,read_display_code,16504,
TT301,0002,0202.sym,02.02,read_power_on_data,16467,
TT301,0002,0202.sym,02.02,read_counter_of_change,16508,
TT301,0002,0202.sym,02.02,write_smar_order_code,16538,
TT301,0002,0202.sym,02.02,read_pid_variables,16571,
TT301,0002,0202.sym,02.02,write_fail_safe_mode,16503,
TT301,0002,0202.sym,02.02,read_set_point_generator_congiguration,16471,
TT301,0002,0202.sym,02.02,write_special_sensor_calibration_limits,16552,
TT301,0002,0202.sym,02.02,acknowledge_alarm,16501,
TT301,0002,0202.sym,02.02,read_controller_variables,16442,
TT301,0002,0202.sym,02.02,read_fail_safe_mode,16502,
TT301,0002,0202.sym,02.02,read_special_sensor_calibration_limits,16546,
TT301,0002,0202.sym,02.02,read_write_protection_mode,16522,
TT301,0002,0202.sym,02.02,read_mv_Ohms_variable,16577,
TT301,0002,0202.sym,02.02,write_manipulated_variable,16461,
TT301,0002,0202.sym,02.02,read_pid_block_parameters,16451,
TT301,0002,0202.sym,02.02,write_set_point_generator_configuration,16476,
TT301,0002,0202.sym,02.02,read_controller_mode,16440,
TT301,0002,0202.sym,02.02,write_proportional_factor,16457,
TT301,0002,0202.sym,02.02,read_special_unit_and_characterization_unit,16539,
TT301,0002,0202.sym,02.02,read_pid_block_configuration,16435,
TT301,0002,0202.sym,02.02,WRITE_DISPLAY_CODE,16507,
TT301,0002,0202.sym,02.02,WRITE_SETPOINT,16460,
TT301,0002,0202.sym,02.02,restore_factory_trim,16573,
TT301,0002,0202.sym,02.02,read_manipulated_variable_limits,16462,
TT301,0002,0202.sym,02.02,read_static_data_trim,16426,
TT301,0002,0202.sym,02.02,write_setpoint_tracking_and_pid_mode,16450,
TT301,0002,0202.sym,02.02,write_pid_block_configuration,16439,
TT301,0002,0202.sym,02.02,read_cold_junction_configuration,16576,
TT301,0002,0202.sym,02.02,write_set_point_generator_time,16475,
TT301,0002,0202.sym,02.02,write_range_values_ram_based,16484,
TT301,0002,0202.sym,02.02,write_device_identification,16560,
TT301,0002,0202.sym,02.02,WRITE_DERIVATIVE_TIME,16459,
TT301,0002,0202.sym,02.02,write_manipulated_variable_limits,16466,
TT301,0002,0202.sym,02.02,write_set_point_curve_parameters,16483,
TT301,0002,0202.sym,02.02,perform_zero_calibration,16433,
TT301,0002,0202.sym,02.02,read_smar_order_code,16536,
TT301,0002,0202.sym,02.02,write_calibration_location,16434,
TT301,0002,0202.sym,02.02,WRITE_INTEGRAL_TIME,16458,
TT301,0002,0202.sym,02.02,write_controller_mode,16441,
TT301,0002,0202.sym,02.02,read_menu_configuration_password,16561,
TT301,0002,0202.sym,02.02,read_local_adjust_mode,16526,
TT301,0002,0202.sym,02.02,read_alarm_configuration_and_data,16488,
TT301,0002,0202.sym,02.02,write_password,16533,
TT301,0002,0301.sym,03.01,write_set_point_time_generator_mode,16477,
TT301,0002,0301.sym,03.01,write_special_unit,16545,
TT301,0002,0301.sym,03.01,write_write_protection_mode,16525,
TT301,0002,0301.sym,03.01,enable_cold_junction_for_mv_special,16574,
TT301,0002,0301.sym,03.01,read_special_sensor_input_data,16553,
TT301,0002,0301.sym,03.01,write_power_on_data,16470,
TT301,0002,0301.sym,03.01,write_special_sensor_input_data,16559,
TT301,0002,0301.sym,03.01,reset_counter_of_change,16521,
TT301,0002,0301.sym,03.01,write_static_data_configuration,16425,
TT301,0002,0301.sym,03.01,write_alarm_configuration,16500,
TT301,0002,0301.sym,03.01,read_curve_parameters,16478,
TT301,0002,0301.sym,03.01,read_password,16528,
TT301,0002,0301.sym,03.01,perform_user_calibration,16431,
TT301,0002,0301.sym,03.01,write_menu_configuration_password,16570,
TT301,0002,0301.sym,03.01,read_static_data_configuration,16422,
TT301,0002,0301.sym,03.01,read_display_code,16504,
TT301,0002,0301.sym,03.01,read_power_on_data,16467,
TT301,0002,0301.sym,03.01,read_counter_of_change,16508,
TT301,0002,0301.sym,03.01,write_smar_order_code,16538,
TT301,0002,0301.sym,03.01,read_pid_variables,16571,
TT301,0002,0301.sym,03.01,write_fail_safe_mode,16503,
TT301,0002,0301.sym,03.01,read_set_point_generator_congiguration,16471,
TT301,0002,0301.sym,03.01,write_special_sensor_calibration_limits,16552,
TT301,0002,0301.sym,03.01,acknowledge_alarm,16501,
TT301,0002,0301.sym,03.01,read_controller_variables,16442,
TT301,0002,0301.sym,03.01,read_fail_safe_mode,16502,
TT301,0002,0301.sym,03.01,read_special_sensor_calibration_limits,16546,
TT301,0002,0301.sym,03.01,read_write_protection_mode,16522,
TT301,0002,0301.sym,03.01,read_mv_Ohms_variable,16577,
TT301,0002,0301.sym,03.01,write_manipulated_variable,16461,
TT301,0002,0301.sym,03.01,read_pid_block_parameters,16451,
TT301,0002,0301.sym,03.01,write_set_point_generator_configuration,16476,
TT301,0002,0301.sym,03.01,read_controller_mode,16440,
TT301,0002,0301.sym,03.01,write_proportional_factor,16457,
TT301,0002,0301.sym,03.01,read_special_unit_and_characterization_unit,16539,
TT301,0002,0301.sym,03.01,read_pid_block_configuration,16435,
TT301,0002,0301.sym,03.01,WRITE_DISPLAY_CODE,16507,
TT301,0002,0301.sym,03.01,WRITE_SETPOINT,16460,
TT301,0002,0301.sym,03.01,restore_factory_trim,16573,
TT301,0002,0301.sym,03.01,read_manipulated_variable_limits,16462,
TT301,0002,0301.sym,03.01,read_static_data_trim,16426,
TT301,0002,0301.sym,03.01,write_setpoint_tracking_and_pid_mode,16450,
TT301,0002,0301.sym,03.01,write_pid_block_configuration,16439,
TT301,0002,0301.sym,03.01,read_cold_junction_configuration,16576,
TT301,0002,0301.sym,03.01,write_set_point_generator_time,16475,
TT301,0002,0301.sym,03.01,write_range_values_ram_based,16484,
TT301,0002,0301.sym,03.01,write_device_identification,16560,
TT301,0002,0301.sym,03.01,WRITE_DERIVATIVE_TIME,16459,
TT301,0002,0301.sym,03.01,write_manipulated_variable_limits,16466,
TT301,0002,0301.sym,03.01,write_set_point_curve_parameters,16483,
TT301,0002,0301.sym,03.01,perform_zero_calibration,16433,
TT301,0002,0301.sym,03.01,read_smar_order_code,16536,
TT301,0002,0301.sym,03.01,write_calibration_location,16434,
TT301,0002,0301.sym,03.01,WRITE_INTEGRAL_TIME,16458,
TT301,0002,0301.sym,03.01,write_controller_mode,16441,
TT301,0002,0301.sym,03.01,read_menu_configuration_password,16561,
TT301,0002,0301.sym,03.01,read_local_adjust_mode,16526,
TT301,0002,0301.sym,03.01,read_alarm_configuration_and_data,16488,
TT301,0002,0301.sym,03.01,write_password,16533,
TT301,0002,0401.sym,04.01,write_special_unit,16568,
TT301,0002,0401.sym,04.01,write_set_point_time_generator_mode,16500,
TT301,0002,0401.sym,04.01,write_write_protection_mode,16548,
TT301,0002,0401.sym,04.01,write_average_limit,16602,
TT301,0002,0401.sym,04.01,enable_cold_junction_for_mv_special,16597,
TT301,0002,0401.sym,04.01,read_special_sensor_input_data,16576,
TT301,0002,0401.sym,04.01,write_power_on_data,16493,
TT301,0002,0401.sym,04.01,write_special_sensor_input_data,16582,
TT301,0002,0401.sym,04.01,write_van_dusen_coefficients,16609,
TT301,0002,0401.sym,04.01,reset_counter_of_change,16544,
TT301,0002,0401.sym,04.01,write_static_data_configuration,16448,
TT301,0002,0401.sym,04.01,write_alarm_configuration,16523,
TT301,0002,0401.sym,04.01,read_curve_parameters,16501,
TT301,0002,0401.sym,04.01,read_password,16551,
TT301,0002,0401.sym,04.01,perform_user_calibration,16454,
TT301,0002,0401.sym,04.01,write_menu_configuration_password,16593,
TT301,0002,0401.sym,04.01,read_static_data_configuration,16445,
TT301,0002,0401.sym,04.01,read_display_code,16527,
TT301,0002,0401.sym,04.01,read_power_on_data,16490,
TT301,0002,0401.sym,04.01,read_counter_of_change,16531,
TT301,0002,0401.sym,04.01,write_smar_order_code,16561,
TT301,0002,0401.sym,04.01,read_pid_variables,16594,
TT301,0002,0401.sym,04.01,write_fail_safe_mode,16526,
TT301,0002,0401.sym,04.01,read_van_dusen_coefficients,16608,
TT301,0002,0401.sym,04.01,read_set_point_generator_congiguration,16494,
TT301,0002,0401.sym,04.01,write_special_sensor_calibration_limits,16575,
TT301,0002,0401.sym,04.01,acknowledge_alarm,16524,
TT301,0002,0401.sym,04.01,read_controller_variables,16465,
TT301,0002,0401.sym,04.01,read_fail_safe_mode,16525,
TT301,0002,0401.sym,04.01,read_special_sensor_calibration_limits,16569,
TT301,0002,0401.sym,04.01,read_write_protection_mode,16545,
TT301,0002,0401.sym,04.01,read_mv_Ohms_variable,16603,
TT301,0002,0401.sym,04.01,write_manipulated_variable,16484,
TT301,0002,0401.sym,04.01,read_pid_block_parameters,16474,
TT301,0002,0401.sym,04.01,write_set_point_generator_configuration,16499,
TT301,0002,0401.sym,04.01,read_controller_mode,16463,
TT301,0002,0401.sym,04.01,write_proportional_factor,16480,
TT301,0002,0401.sym,04.01,read_special_unit_and_characterization_unit,16562,
TT301,0002,0401.sym,04.01,read_pid_block_configuration,16458,
TT301,0002,0401.sym,04.01,read_average_limit,16601,
TT301,0002,0401.sym,04.01,write_trim_pt_terminal_sensor,16600,
TT301,0002,0401.sym,04.01,WRITE_DISPLAY_CODE,16530,
TT301,0002,0401.sym,04.01,WRITE_SETPOINT,16483,
TT301,0002,0401.sym,04.01,restore_factory_trim,16596,
TT301,0002,0401.sym,04.01,read_manipulated_variable_limits,16485,
TT301,0002,0401.sym,04.01,read_static_data_trim,16449,
TT301,0002,0401.sym,04.01,write_setpoint_tracking_and_pid_mode,16473,
TT301,0002,0401.sym,04.01,write_pid_block_configuration,16462,
TT301,0002,0401.sym,04.01,read_cold_junction_configuration,16599,
TT301,0002,0401.sym,04.01,write_set_point_generator_time,16498,
TT301,0002,0401.sym,04.01,write_range_values_ram_based,16507,
TT301,0002,0401.sym,04.01,write_device_identification,16583,
TT301,0002,0401.sym,04.01,write_manipulated_variable_limits,16489,
TT301,0002,0401.sym,04.01,WRITE_DERIVATIVE_TIME,16482,
TT301,0002,0401.sym,04.01,write_set_point_curve_parameters,16506,
TT301,0002,0401.sym,04.01,perform_zero_calibration,16456,
TT301,0002,0401.sym,04.01,read_smar_order_code,16559,
TT301,0002,0401.sym,04.01,write_calibration_location,16457,
TT301,0002,0401.sym,04.01,WRITE_INTEGRAL_TIME,16481,
TT301,0002,0401.sym,04.01,write_controller_mode,16464,
TT301,0002,0401.sym,04.01,read_menu_configuration_password,16584,
TT301,0002,0401.sym,04.01,read_local_adjust_mode,16549,
TT301,0002,0401.sym,04.01,read_alarm_configuration_and_data,16511,
TT301,0002,0401.sym,04.01,write_password,16556,
TT301,0002,0402.sym,04.02,read_square_root_parameters,16503,
TT301,0002,0402.sym,04.02,READ_CONTROLLER_VARIABLES_PERCENTAGE,16485,
TT301,0002,0402.sym,04.02,write_communication_protection_mode,16547,
TT301,0002,0402.sym,04.02,read_change_counters,16546,
TT301,0002,0402.sym,04.02,read_totalizer_parameters,16584,
TT301,0002,0402.sym,04.02,read_display_code,16532,
TT301,0002,0402.sym,04.02,write_analog_output_alarm_select,16590,
TT301,0002,0402.sym,04.02,read_char_trim_point,16526,
TT301,0002,0402.sym,04.02,write_user_values,16566,
TT301,0002,0402.sym,04.02,write_device_identification_number,16505,
TT301,0002,0402.sym,04.02,write_sense_ordering_code,16557,
TT301,0002,0402.sym,04.02,write_user_unit_mode,16567,
TT301,0002,0402.sym,04.02,write_user_unit_string,16561,
TT301,0002,0402.sym,04.02,write_cut_off_mode,16506,
TT301,0002,0402.sym,04.02,read_user_unit_string,16560,
TT301,0002,0402.sym,04.02,WRITE_MANIPULATED_VARIABLE_LIMITS,16498,
TT301,0002,0402.sym,04.02,write_table_function,16470,
TT301,0002,0402.sym,04.02,reset_totalizer,16580,
TT301,0002,0402.sym,04.02,WRITE_INTEGRAL_TIME,16494,
TT301,0002,0402.sym,04.02,write_max_flow,16585,
TT301,0002,0402.sym,04.02,WRITE_SETPOINT,16487,
TT301,0002,0402.sym,04.02,WRITE_MANIPULATED_VARIABLE,16488,
TT301,0002,0402.sym,04.02,read_total,16581,
TT301,0002,0402.sym,04.02,write_total_conversion_factor,16586,
TT301,0002,0402.sym,04.02,write_characterization_trim_mode,16529,
TT301,0002,0402.sym,04.02,READ_MANIPULATED_VARIABLE_LIMITS,16497,
TT301,0002,0402.sym,04.02,backup_restore,16593,
TT301,0002,0402.sym,04.02,READ_PID_BLOCK_PARAMETERS,16492,
TT301,0002,0402.sym,04.02,read_static_data_material,16417,
TT301,0002,0402.sym,04.02,WRITE_DEVICE_MODE,16479,
TT301,0002,0402.sym,04.02,write_square_root_parameters,16504,
TT301,0002,0402.sym,04.02,write_number_table_points,16471,
TT301,0002,0402.sym,04.02,write_enable_disable_zero_curve_flag,16596,
TT301,0002,0402.sym,04.02,read_users_values,16565,
TT301,0002,0402.sym,04.02,WRITE_PID_BLOCK_CONFIGURATION,16478,
TT301,0002,0402.sym,04.02,READ_POWER_UP_DATA,16501,
TT301,0002,0402.sym,04.02,write_static_data_material,16418,
TT301,0002,0402.sym,04.02,read_table_function,16469,
TT301,0002,0402.sym,04.02,trim_temperature_sensor,16598,
TT301,0002,0402.sym,04.02,write_passwords,16553,
TT301,0002,0402.sym,04.02,read_total_unit,16588,
TT301,0002,0402.sym,04.02,write_password_levels,16577,
TT301,0002,0402.sym,04.02,WRITE_DERIVATIVE_TIME,16495,
TT301,0002,0402.sym,04.02,write_total_unit,16589,
TT301,0002,0402.sym,04.02,read_password_levels,16568,
TT301,0002,0402.sym,04.02,Write_Display_Code,16533,
TT301,0002,0402.sym,04.02,read_enable_disable_zero_curve_flag,16595,
TT301,0002,0402.sym,04.02,write_char_trim_point,16528,
TT301,0002,0402.sym,04.02,WRITE_SETPOINT_TRACKING_AND_CONTROLLER_MODE,16486,
TT301,0002,0402.sym,04.02,READ_PID_BLOCK_CONFIGURATION,16477,
TT301,0002,0402.sym,04.02,read_passwords,16549,
TT301,0002,0402.sym,04.02,write_totalizer_mode,16579,
TT301,0002,0402.sym,04.02,READ_DEVICE_MODE,16476,
TT301,0002,0402.sym,04.02,WRITE_PROPORTIONAL_FACTOR,16493,
TT301,0002,0402.sym,04.02,write_number_char_points,16527,
TT301,0002,0402.sym,04.02,read_sense_ordering_code,16556,
TT301,0002,0402.sym,04.02,WRITE_POWER_UP_DATA,16502,
TT301,0002,0501.sym,05.01,write_set_point_curve_parameters,16506,
TT301,0002,0501.sym,05.01,read_van_dusen_coefficients,16608,
TT301,0002,0501.sym,05.01,write_manipulated_variable_limits,16489,
TT301,0002,0501.sym,05.01,read_smar_order_code,16559,
TT301,0002,0501.sym,05.01,read_set_point_generator_congiguration,16494,
TT301,0002,0501.sym,05.01,write_setpoint_tracking_and_pid_mode,16473,
TT301,0002,0501.sym,05.01,read_average_limit,16601,
TT301,0002,0501.sym,05.01,read_display_code,16527,
TT301,0002,0501.sym,05.01,read_menu_configuration_password,16584,
TT301,0002,0501.sym,05.01,write_alarm_configuration,16523,
TT301,0002,0501.sym,05.01,perform_user_calibration,16454,
TT301,0002,0501.sym,05.01,write_manipulated_variable,16484,
TT301,0002,0501.sym,05.01,read_power_on_data,16490,
TT301,0002,0501.sym,05.01,WRITE_DISPLAY_CODE,16530,
TT301,0002,0501.sym,05.01,write_range_values_ram_based,16507,
TT301,0002,0501.sym,05.01,read_special_unit_and_characterization_unit,16562,
TT301,0002,0501.sym,05.01,read_password,16551,
TT301,0002,0501.sym,05.01,enable_cold_junction_for_mv_special,16597,
TT301,0002,0501.sym,05.01,write_set_point_generator_time,16498,
TT301,0002,0501.sym,05.01,write_special_sensor_calibration_limits,16575,
TT301,0002,0501.sym,05.01,write_set_point_time_generator_mode,16500,
TT301,0002,0501.sym,05.01,write_proportional_factor,16480,
TT301,0002,0501.sym,05.01,write_calibration_location,16457,
TT301,0002,0501.sym,05.01,write_van_dusen_coefficients,16609,
TT301,0002,0501.sym,05.01,read_write_protection_mode,16545,
TT301,0002,0501.sym,05.01,reset_counter_of_change,16544,
TT301,0002,0501.sym,05.01,WRITE_INTEGRAL_TIME,16481,
TT301,0002,0501.sym,05.01,write_write_protection_mode,16548,
TT301,0002,0501.sym,05.01,WRITE_SETPOINT,16483,
TT301,0002,0501.sym,05.01,read_mv_Ohms_variable,16603,
TT301,0002,0501.sym,05.01,read_fail_safe_mode,16525,
TT301,0002,0501.sym,05.01,read_pid_block_configuration,16458,
TT301,0002,0501.sym,05.01,read_static_data_configuration,16445,
TT301,0002,0501.sym,05.01,write_power_on_data,16493,
TT301,0002,0501.sym,05.01,read_local_adjust_mode,16549,
TT301,0002,0501.sym,05.01,write_static_data_configuration,16448,
TT301,0002,0501.sym,05.01,write_controller_mode,16464,
TT301,0002,0501.sym,05.01,write_trim_pt_terminal_sensor,16600,
TT301,0002,0501.sym,05.01,write_device_identification,16583,
TT301,0002,0501.sym,05.01,read_static_data_trim,16449,
TT301,0002,0501.sym,05.01,write_smar_order_code,16561,
TT301,0002,0501.sym,05.01,read_special_sensor_calibration_limits,16569,
TT301,0002,0501.sym,05.01,read_special_sensor_input_data,16576,
TT301,0002,0501.sym,05.01,read_cold_junction_configuration,16599,
TT301,0002,0501.sym,05.01,write_average_limit,16602,
TT301,0002,0501.sym,05.01,read_alarm_configuration_and_data,16511,
TT301,0002,0501.sym,05.01,write_special_sensor_input_data,16582,
TT301,0002,0501.sym,05.01,read_controller_variables,16465,
TT301,0002,0501.sym,05.01,restore_factory_trim,16596,
TT301,0002,0501.sym,05.01,read_pid_block_parameters,16474,
TT301,0002,0501.sym,05.01,read_pid_variables,16594,
TT301,0002,0501.sym,05.01,write_password,16556,
TT301,0002,0501.sym,05.01,read_manipulated_variable_limits,16485,
TT301,0002,0501.sym,05.01,perform_zero_calibration,16456,
TT301,0002,0501.sym,05.01,write_menu_configuration_password,16593,
TT301,0002,0501.sym,05.01,read_curve_parameters,16501,
TT301,0002,0501.sym,05.01,WRITE_DERIVATIVE_TIME,16482,
TT301,0002,0501.sym,05.01,write_fail_safe_mode,16526,
TT301,0002,0501.sym,05.01,write_pid_block_configuration,16462,
TT301,0002,0501.sym,05.01,acknowledge_alarm,16524,
TT301,0002,0501.sym,05.01,read_controller_mode,16463,
TT301,0002,0501.sym,05.01,write_set_point_generator_configuration,16499,
TT301,0002,0501.sym,05.01,read_counter_of_change,16531,
TT301,0002,0501.sym,05.01,write_special_unit,16568,
TT301,0002,0601.sym,06.01,write_special_unit,16568,
TT301,0002,0601.sym,06.01,write_set_point_time_generator_mode,16500,
TT301,0002,0601.sym,06.01,write_write_protection_mode,16548,
TT301,0002,0601.sym,06.01,write_average_limit,16602,
TT301,0002,0601.sym,06.01,enable_cold_junction_for_mv_special,16597,
TT301,0002,0601.sym,06.01,read_special_sensor_input_data,16576,
TT301,0002,0601.sym,06.01,write_power_on_data,16493,
TT301,0002,0601.sym,06.01,write_special_sensor_input_data,16582,
TT301,0002,0601.sym,06.01,write_van_dusen_coefficients,16609,
TT301,0002,0601.sym,06.01,reset_counter_of_change,16544,
TT301,0002,0601.sym,06.01,write_static_data_configuration,16448,
TT301,0002,0601.sym,06.01,write_alarm_configuration,16523,
TT301,0002,0601.sym,06.01,read_curve_parameters,16501,
TT301,0002,0601.sym,06.01,read_password,16551,
TT301,0002,0601.sym,06.01,perform_user_calibration,16454,
TT301,0002,0601.sym,06.01,write_menu_configuration_password,16593,
TT301,0002,0601.sym,06.01,read_static_data_configuration,16445,
TT301,0002,0601.sym,06.01,read_display_code,16527,
TT301,0002,0601.sym,06.01,read_power_on_data,16490,
TT301,0002,0601.sym,06.01,read_counter_of_change,16531,
TT301,0002,0601.sym,06.01,write_smar_order_code,16561,
TT301,0002,0601.sym,06.01,read_pid_variables,16594,
TT301,0002,0601.sym,06.01,write_fail_safe_mode,16526,
TT301,0002,0601.sym,06.01,read_van_dusen_coefficients,16608,
TT301,0002,0601.sym,06.01,read_set_point_generator_congiguration,16494,
TT301,0002,0601.sym,06.01,write_special_sensor_calibration_limits,16575,
TT301,0002,0601.sym,06.01,acknowledge_alarm,16524,
TT301,0002,0601.sym,06.01,read_controller_variables,16465,
TT301,0002,0601.sym,06.01,read_fail_safe_mode,16525,
TT301,0002,0601.sym,06.01,read_special_sensor_calibration_limits,16569,
TT301,0002,0601.sym,06.01,read_write_protection_mode,16545,
TT301,0002,0601.sym,06.01,read_mv_Ohms_variable,16603,
TT301,0002,0601.sym,06.01,write_manipulated_variable,16484,
TT301,0002,0601.sym,06.01,read_pid_block_parameters,16474,
TT301,0002,0601.sym,06.01,write_set_point_generator_configuration,16499,
TT301,0002,0601.sym,06.01,read_controller_mode,16463,
TT301,0002,0601.sym,06.01,write_proportional_factor,16480,
TT301,0002,0601.sym,06.01,read_special_unit_and_characterization_unit,16562,
TT301,0002,0601.sym,06.01,read_pid_block_configuration,16458,
TT301,0002,0601.sym,06.01,read_average_limit,16601,
TT301,0002,0601.sym,06.01,write_trim_pt_terminal_sensor,16600,
TT301,0002,0601.sym,06.01,WRITE_DISPLAY_CODE,16530,
TT301,0002,0601.sym,06.01,WRITE_SETPOINT,16483,
TT301,0002,0601.sym,06.01,restore_factory_trim,16596,
TT301,0002,0601.sym,06.01,read_manipulated_variable_limits,16485,
TT301,0002,0601.sym,06.01,read_static_data_trim,16449,
TT301,0002,0601.sym,06.01,write_setpoint_tracking_and_pid_mode,16473,
TT301,0002,0601.sym,06.01,write_pid_block_configuration,16462,
TT301,0002,0601.sym,06.01,read_cold_junction_configuration,16599,
TT301,0002,0601.sym,06.01,write_set_point_generator_time,16498,
TT301,0002,0601.sym,06.01,write_range_values_ram_based,16507,
TT301,0002,0601.sym,06.01,write_device_identification,16583,
TT301,0002,0601.sym,06.01,write_manipulated_variable_limits,16489,
TT301,0002,0601.sym,06.01,WRITE_DERIVATIVE_TIME,16482,
TT301,0002,0601.sym,06.01,write_set_point_curve_parameters,16506,
TT301,0002,0601.sym,06.01,perform_zero_calibration,16456,
TT301,0002,0601.sym,06.01,read_smar_order_code,16559,
TT301,0002,0601.sym,06.01,write_calibration_location,16457,
TT301,0002,0601.sym,06.01,WRITE_INTEGRAL_TIME,16481,
TT301,0002,0601.sym,06.01,write_controller_mode,16464,
TT301,0002,0601.sym,06.01,read_menu_configuration_password,16584,
TT301,0002,0601.sym,06.01,read_local_adjust_mode,16549,
TT301,0002,0601.sym,06.01,read_alarm_configuration_and_data,16511,
TT301,0002,0601.sym,06.01,write_password,16556,
TT301,0002,0602.sym,06.02,write_set_point_curve_parameters,16506,
TT301,0002,0602.sym,06.02,read_van_dusen_coefficients,16604,
TT301,0002,0602.sym,06.02,write_manipulated_variable_limits,16489,
TT301,0002,0602.sym,06.02,read_smar_order_code,16559,
TT301,0002,0602.sym,06.02,read_set_point_generator_congiguration,16494,
TT301,0002,0602.sym,06.02,write_setpoint_tracking_and_pid_mode,16473,
TT301,0002,0602.sym,06.02,read_average_limit,16597,
TT301,0002,0602.sym,06.02,read_display_code,16527,
TT301,0002,0602.sym,06.02,read_menu_configuration_password,16580,
TT301,0002,0602.sym,06.02,write_alarm_configuration,16523,
TT301,0002,0602.sym,06.02,perform_user_calibration,16454,
TT301,0002,0602.sym,06.02,write_manipulated_variable,16484,
TT301,0002,0602.sym,06.02,read_power_on_data,16490,
TT301,0002,0602.sym,06.02,WRITE_DISPLAY_CODE,16530,
TT301,0002,0602.sym,06.02,write_range_values_ram_based,16507,
TT301,0002,0602.sym,06.02,read_special_unit_and_characterization_unit,16562,
TT301,0002,0602.sym,06.02,read_password,16551,
TT301,0002,0602.sym,06.02,enable_cold_junction_for_mv_special,16593,
TT301,0002,0602.sym,06.02,write_set_point_generator_time,16498,
TT301,0002,0602.sym,06.02,write_special_sensor_calibration_limits,16571,
TT301,0002,0602.sym,06.02,write_set_point_time_generator_mode,16500,
TT301,0002,0602.sym,06.02,write_proportional_factor,16480,
TT301,0002,0602.sym,06.02,write_calibration_location,16457,
TT301,0002,0602.sym,06.02,write_van_dusen_coefficients,16605,
TT301,0002,0602.sym,06.02,read_write_protection_mode,16545,
TT301,0002,0602.sym,06.02,reset_counter_of_change,16544,
TT301,0002,0602.sym,06.02,WRITE_INTEGRAL_TIME,16481,
TT301,0002,0602.sym,06.02,write_write_protection_mode,16548,
TT301,0002,0602.sym,06.02,WRITE_SETPOINT,16483,
TT301,0002,0602.sym,06.02,read_mv_Ohms_variable,16599,
TT301,0002,0602.sym,06.02,read_fail_safe_mode,16525,
TT301,0002,0602.sym,06.02,read_pid_block_configuration,16458,
TT301,0002,0602.sym,06.02,read_static_data_configuration,16445,
TT301,0002,0602.sym,06.02,write_power_on_data,16493,
TT301,0002,0602.sym,06.02,read_local_adjust_mode,16549,
TT301,0002,0602.sym,06.02,write_static_data_configuration,16448,
TT301,0002,0602.sym,06.02,write_controller_mode,16464,
TT301,0002,0602.sym,06.02,write_trim_pt_terminal_sensor,16596,
TT301,0002,0602.sym,06.02,write_device_identification,16579,
TT301,0002,0602.sym,06.02,read_static_data_trim,16449,
TT301,0002,0602.sym,06.02,write_smar_order_code,16561,
TT301,0002,0602.sym,06.02,read_special_sensor_calibration_limits,16565,
TT301,0002,0602.sym,06.02,read_special_sensor_input_data,16572,
TT301,0002,0602.sym,06.02,read_cold_junction_configuration,16595,
TT301,0002,0602.sym,06.02,write_average_limit,16598,
TT301,0002,0602.sym,06.02,read_alarm_configuration_and_data,16511,
TT301,0002,0602.sym,06.02,write_special_sensor_input_data,16578,
TT301,0002,0602.sym,06.02,read_controller_variables,16465,
TT301,0002,0602.sym,06.02,restore_factory_trim,16592,
TT301,0002,0602.sym,06.02,read_pid_block_parameters,16474,
TT301,0002,0602.sym,06.02,read_pid_variables,16590,
TT301,0002,0602.sym,06.02,write_password,16556,
TT301,0002,0602.sym,06.02,read_manipulated_variable_limits,16485,
TT301,0002,0602.sym,06.02,perform_zero_calibration,16456,
TT301,0002,0602.sym,06.02,write_menu_configuration_password,16589,
TT301,0002,0602.sym,06.02,read_curve_parameters,16501,
TT301,0002,0602.sym,06.02,WRITE_DERIVATIVE_TIME,16482,
TT301,0002,0602.sym,06.02,write_fail_safe_mode,16526,
TT301,0002,0602.sym,06.02,write_pid_block_configuration,16462,
TT301,0002,0602.sym,06.02,acknowledge_alarm,16524,
TT301,0002,0602.sym,06.02,read_controller_mode,16463,
TT301,0002,0602.sym,06.02,write_set_point_generator_configuration,16499,
TT301,0002,0602.sym,06.02,read_counter_of_change,16531,
TT301,0002,0602.sym,06.02,write_special_unit,16564,
TT301,0002,0701.sym,07.01,write_set_point_curve_parameters,16506,
TT301,0002,0701.sym,07.01,read_van_dusen_coefficients,16608,
TT301,0002,0701.sym,07.01,write_manipulated_variable_limits,16489,
TT301,0002,0701.sym,07.01,read_smar_order_code,16559,
TT301,0002,0701.sym,07.01,read_set_point_generator_congiguration,16494,
TT301,0002,0701.sym,07.01,write_setpoint_tracking_and_pid_mode,16473,
TT301,0002,0701.sym,07.01,read_average_limit,16601,
TT301,0002,0701.sym,07.01,read_display_code,16527,
TT301,0002,0701.sym,07.01,read_menu_configuration_password,16584,
TT301,0002,0701.sym,07.01,write_alarm_configuration,16523,
TT301,0002,0701.sym,07.01,perform_user_calibration,16454,
TT301,0002,0701.sym,07.01,write_manipulated_variable,16484,
TT301,0002,0701.sym,07.01,read_power_on_data,16490,
TT301,0002,0701.sym,07.01,WRITE_DISPLAY_CODE,16530,
TT301,0002,0701.sym,07.01,write_range_values_ram_based,16507,
TT301,0002,0701.sym,07.01,read_special_unit_and_characterization_unit,16562,
TT301,0002,0701.sym,07.01,read_password,16551,
TT301,0002,0701.sym,07.01,enable_cold_junction_for_mv_special,16597,
TT301,0002,0701.sym,07.01,write_set_point_generator_time,16498,
TT301,0002,0701.sym,07.01,write_special_sensor_calibration_limits,16575,
TT301,0002,0701.sym,07.01,write_set_point_time_generator_mode,16500,
TT301,0002,0701.sym,07.01,write_proportional_factor,16480,
TT301,0002,0701.sym,07.01,write_calibration_location,16457,
TT301,0002,0701.sym,07.01,write_van_dusen_coefficients,16609,
TT301,0002,0701.sym,07.01,read_write_protection_mode,16545,
TT301,0002,0701.sym,07.01,reset_counter_of_change,16544,
TT301,0002,0701.sym,07.01,WRITE_INTEGRAL_TIME,16481,
TT301,0002,0701.sym,07.01,write_write_protection_mode,16548,
TT301,0002,0701.sym,07.01,WRITE_SETPOINT,16483,
TT301,0002,0701.sym,07.01,read_mv_Ohms_variable,16603,
TT301,0002,0701.sym,07.01,read_fail_safe_mode,16525,
TT301,0002,0701.sym,07.01,read_pid_block_configuration,16458,
TT301,0002,0701.sym,07.01,read_static_data_configuration,16445,
TT301,0002,0701.sym,07.01,write_power_on_data,16493,
TT301,0002,0701.sym,07.01,read_local_adjust_mode,16549,
TT301,0002,0701.sym,07.01,write_static_data_configuration,16448,
TT301,0002,0701.sym,07.01,write_controller_mode,16464,
TT301,0002,0701.sym,07.01,write_trim_pt_terminal_sensor,16600,
TT301,0002,0701.sym,07.01,write_device_identification,16583,
TT301,0002,0701.sym,07.01,read_static_data_trim,16449,
TT301,0002,0701.sym,07.01,write_smar_order_code,16561,
TT301,0002,0701.sym,07.01,read_special_sensor_calibration_limits,16569,
TT301,0002,0701.sym,07.01,read_special_sensor_input_data,16576,
TT301,0002,0701.sym,07.01,read_cold_junction_configuration,16599,
TT301,0002,0701.sym,07.01,write_average_limit,16602,
TT301,0002,0701.sym,07.01,read_alarm_configuration_and_data,16511,
TT301,0002,0701.sym,07.01,write_special_sensor_input_data,16582,
TT301,0002,0701.sym,07.01,read_controller_variables,16465,
TT301,0002,0701.sym,07.01,restore_factory_trim,16596,
TT301,0002,0701.sym,07.01,read_pid_block_parameters,16474,
TT301,0002,0701.sym,07.01,read_pid_variables,16594,
TT301,0002,0701.sym,07.01,write_password,16556,
TT301,0002,0701.sym,07.01,read_manipulated_variable_limits,16485,
TT301,0002,0701.sym,07.01,perform_zero_calibration,16456,
TT301,0002,0701.sym,07.01,write_menu_configuration_password,16593,
TT301,0002,0701.sym,07.01,read_curve_parameters,16501,
TT301,0002,0701.sym,07.01,WRITE_DERIVATIVE_TIME,16482,
TT301,0002,0701.sym,07.01,write_fail_safe_mode,16526,
TT301,0002,0701.sym,07.01,write_pid_block_configuration,16462,
TT301,0002,0701.sym,07.01,acknowledge_alarm,16524,
TT301,0002,0701.sym,07.01,read_controller_mode,16463,
TT301,0002,0701.sym,07.01,write_set_point_generator_configuration,16499,
TT301,0002,0701.sym,07.01,read_counter_of_change,16531,
TT301,0002,0701.sym,07.01,write_special_unit,16568,
TT301,0002,0702.sym,07.02,write_set_point_curve_parameters,16506,
TT301,0002,0702.sym,07.02,read_van_dusen_coefficients,16604,
TT301,0002,0702.sym,07.02,write_manipulated_variable_limits,16489,
TT301,0002,0702.sym,07.02,read_smar_order_code,16559,
TT301,0002,0702.sym,07.02,read_set_point_generator_congiguration,16494,
TT301,0002,0702.sym,07.02,write_setpoint_tracking_and_pid_mode,16473,
TT301,0002,0702.sym,07.02,read_average_limit,16597,
TT301,0002,0702.sym,07.02,read_display_code,16527,
TT301,0002,0702.sym,07.02,read_menu_configuration_password,16580,
TT301,0002,0702.sym,07.02,write_alarm_configuration,16523,
TT301,0002,0702.sym,07.02,perform_user_calibration,16454,
TT301,0002,0702.sym,07.02,write_manipulated_variable,16484,
TT301,0002,0702.sym,07.02,read_power_on_data,16490,
TT301,0002,0702.sym,07.02,WRITE_DISPLAY_CODE,16530,
TT301,0002,0702.sym,07.02,write_range_values_ram_based,16507,
TT301,0002,0702.sym,07.02,read_special_unit_and_characterization_unit,16562,
TT301,0002,0702.sym,07.02,read_password,16551,
TT301,0002,0702.sym,07.02,enable_cold_junction_for_mv_special,16593,
TT301,0002,0702.sym,07.02,write_set_point_generator_time,16498,
TT301,0002,0702.sym,07.02,write_special_sensor_calibration_limits,16571,
TT301,0002,0702.sym,07.02,write_set_point_time_generator_mode,16500,
TT301,0002,0702.sym,07.02,write_proportional_factor,16480,
TT301,0002,0702.sym,07.02,write_calibration_location,16457,
TT301,0002,0702.sym,07.02,write_van_dusen_coefficients,16605,
TT301,0002,0702.sym,07.02,read_write_protection_mode,16545,
TT301,0002,0702.sym,07.02,reset_counter_of_change,16544,
TT301,0002,0702.sym,07.02,WRITE_INTEGRAL_TIME,16481,
TT301,0002,0702.sym,07.02,write_write_protection_mode,16548,
TT301,0002,0702.sym,07.02,WRITE_SETPOINT,16483,
TT301,0002,0702.sym,07.02,read_mv_Ohms_variable,16599,
TT301,0002,0702.sym,07.02,read_fail_safe_mode,16525,
TT301,0002,0702.sym,07.02,read_pid_block_configuration,16458,
TT301,0002,0702.sym,07.02,read_static_data_configuration,16445,
TT301,0002,0702.sym,07.02,write_power_on_data,16493,
TT301,0002,0702.sym,07.02,read_local_adjust_mode,16549,
TT301,0002,0702.sym,07.02,write_static_data_configuration,16448,
TT301,0002,0702.sym,07.02,write_controller_mode,16464,
TT301,0002,0702.sym,07.02,write_trim_pt_terminal_sensor,16596,
TT301,0002,0702.sym,07.02,write_device_identification,16579,
TT301,0002,0702.sym,07.02,read_static_data_trim,16449,
TT301,0002,0702.sym,07.02,write_smar_order_code,16561,
TT301,0002,0702.sym,07.02,read_special_sensor_calibration_limits,16565,
TT301,0002,0702.sym,07.02,read_special_sensor_input_data,16572,
TT301,0002,0702.sym,07.02,read_cold_junction_configuration,16595,
TT301,0002,0702.sym,07.02,write_average_limit,16598,
TT301,0002,0702.sym,07.02,read_alarm_configuration_and_data,16511,
TT301,0002,0702.sym,07.02,write_special_sensor_input_data,16578,
TT301,0002,0702.sym,07.02,read_controller_variables,16465,
TT301,0002,0702.sym,07.02,restore_factory_trim,16592,
TT301,0002,0702.sym,07.02,read_pid_block_parameters,16474,
TT301,0002,0702.sym,07.02,read_pid_variables,16590,
TT301,0002,0702.sym,07.02,write_password,16556,
TT301,0002,0702.sym,07.02,read_manipulated_variable_limits,16485,
TT301,0002,0702.sym,07.02,perform_zero_calibration,16456,
TT301,0002,0702.sym,07.02,write_menu_configuration_password,16589,
TT301,0002,0702.sym,07.02,read_curve_parameters,16501,
TT301,0002,0702.sym,07.02,WRITE_DERIVATIVE_TIME,16482,
TT301,0002,0702.sym,07.02,write_fail_safe_mode,16526,
TT301,0002,0702.sym,07.02,write_pid_block_configuration,16462,
TT301,0002,0702.sym,07.02,acknowledge_alarm,16524,
TT301,0002,0702.sym,07.02,read_controller_mode,16463,
TT301,0002,0702.sym,07.02,write_set_point_generator_configuration,16499,
TT301,0002,0702.sym,07.02,read_counter_of_change,16531,
TT301,0002,0702.sym,07.02,write_special_unit,16564,
FY301,0003,0101.sym,01.01,write_number_table_points,16433,
FY301,0003,0101.sym,01.01,write_mileage_limit_and_mileage_span,16498,
FY301,0003,0101.sym,01.01,write_valve_id_number,16487,
FY301,0003,0101.sym,01.01,reset_settings,16538,
FY301,0003,0101.sym,01.01,read_servo_pid_block_parameters,16512,
FY301,0003,0101.sym,01.01,read_mileage_limit_and_mileage_span,16491,
FY301,0003,0101.sym,01.01,read_derivation_DB_and_time_reversal_DB_and_limit,16499,
FY301,0003,0101.sym,01.01,write_servo_pid_proportional_factor_kp,16516,
FY301,0003,0101.sym,01.01,write_servo_pid_dead_band,16518,
FY301,0003,0101.sym,01.01,read_set_point_percentage_sp,16530,
FY301,0003,0101.sym,01.01,get_performance_time,16550,
FY301,0003,0101.sym,01.01,read_diagnosis_reference,16540,
FY301,0003,0101.sym,01.01,read_valve_action,16438,
FY301,0003,0101.sym,01.01,read_table_function,16422,
FY301,0003,0101.sym,01.01,write_servo_pid_set_point_mode,16529,
FY301,0003,0101.sym,01.01,read_diagnosis_refence_cont,16551,
FY301,0003,0101.sym,01.01,read_servo_pid_controller_mode,16506,
FY301,0003,0101.sym,01.01,trim_temperature_trim_factory,16437,
FY301,0003,0101.sym,01.01,write_servo_pid_controller_mode,16508,
FY301,0003,0101.sym,01.01,read_password,16465,
FY301,0003,0101.sym,01.01,write_fail_safe_mode_alarm_selection,16505,
FY301,0003,0101.sym,01.01,write_diagnostic_flag_enable_disable,16537,
FY301,0003,0101.sym,01.01,write_actuator_id_number,16484,
FY301,0003,0101.sym,01.01,write_derivation_DB_and_time_reversal_DB_and_limit,16504,
FY301,0003,0101.sym,01.01,read_counter_of_change,16441,
FY301,0003,0101.sym,01.01,read_static_data_materials_and_air_to,16414,
FY301,0003,0101.sym,01.01,write_smar_order_code,16475,
FY301,0003,0101.sym,01.01,write_valve_action,16440,
FY301,0003,0101.sym,01.01,write_servo_pid_set_point_percentage_sp,16531,
FY301,0003,0101.sym,01.01,write_servo_pid_sp_limits,16526,
FY301,0003,0101.sym,01.01,read_levels_of_programing_tree,16477,
FY301,0003,0101.sym,01.01,read_valve_id_number,16485,
FY301,0003,0101.sym,01.01,read_servo_pid_set_point_mode,16527,
FY301,0003,0101.sym,01.01,write_servo_pid_power_up_data_percent,16534,
FY301,0003,0101.sym,01.01,write_air_to,16417,
FY301,0003,0101.sym,01.01,backup_restore,16435,
FY301,0003,0101.sym,01.01,read_valve_motion_type,16488,
FY301,0003,0101.sym,01.01,write_upper_transducer_trim_point,16419,
FY301,0003,0101.sym,01.01,write_levels_of_programing_tree,16481,
FY301,0003,0101.sym,01.01,write_valve_motion_type,16490,
FY301,0003,0101.sym,01.01,read_actuator_id_number,16482,
FY301,0003,0101.sym,01.01,write_diaginosis_reference,16549,
FY301,0003,0101.sym,01.01,read_servo_pid_controller_variables,16509,
FY301,0003,0101.sym,01.01,read_diagnosis_variables,16556,
FY301,0003,0101.sym,01.01,lower_upper_da_trim,16460,
FY301,0003,0101.sym,01.01,write_servo_pid_integral_factor_tr,16517,
FY301,0003,0101.sym,01.01,read_servo_pid_sp_limits,16519,
FY301,0003,0101.sym,01.01,read_servo_pid_power_up_data_percent,16532,
FY301,0003,0101.sym,01.01,Write_lower_transducer_trim_point,16418,
FY301,0003,0101.sym,01.01,setup_command,16434,
FY301,0003,0101.sym,01.01,write_divice_id_number,16476,
FY301,0003,0101.sym,01.01,read_smar_order_code,16473,
FY301,0003,0101.sym,01.01,read_local_keys_mode_control,16463,
FY301,0003,0101.sym,01.01,write_table_function,16430,
FY301,0003,0101.sym,01.01,read_local_key_mode_control,16420,
FY301,0003,0101.sym,01.01,write_password,16470,
FY301,0003,0101.sym,01.01,read_diagnostic_flag_enable_disable,16535,
FY301,0003,0102.sym,01.02,write_number_table_points,16433,
FY301,0003,0102.sym,01.02,write_mileage_limit_and_mileage_span,16498,
FY301,0003,0102.sym,01.02,write_valve_id_number,16487,
FY301,0003,0102.sym,01.02,reset_settings,16538,
FY301,0003,0102.sym,01.02,read_servo_pid_block_parameters,16512,
FY301,0003,0102.sym,01.02,read_mileage_limit_and_mileage_span,16491,
FY301,0003,0102.sym,01.02,read_derivation_DB_and_time_reversal_DB_and_limit,16499,
FY301,0003,0102.sym,01.02,write_servo_pid_proportional_factor_kp,16516,
FY301,0003,0102.sym,01.02,write_servo_pid_dead_band,16518,
FY301,0003,0102.sym,01.02,read_set_point_percentage_sp,16530,
FY301,0003,0102.sym,01.02,get_performance_time,16550,
FY301,0003,0102.sym,01.02,read_diagnosis_reference,16540,
FY301,0003,0102.sym,01.02,read_valve_action,16438,
FY301,0003,0102.sym,01.02,read_table_function,16422,
FY301,0003,0102.sym,01.02,write_servo_pid_set_point_mode,16529,
FY301,0003,0102.sym,01.02,read_diagnosis_refence_cont,16551,
FY301,0003,0102.sym,01.02,read_servo_pid_controller_mode,16506,
FY301,0003,0102.sym,01.02,trim_temperature_trim_factory,16437,
FY301,0003,0102.sym,01.02,write_servo_pid_controller_mode,16508,
FY301,0003,0102.sym,01.02,read_password,16465,
FY301,0003,0102.sym,01.02,write_fail_safe_mode_alarm_selection,16505,
FY301,0003,0102.sym,01.02,write_diagnostic_flag_enable_disable,16537,
FY301,0003,0102.sym,01.02,write_actuator_id_number,16484,
FY301,0003,0102.sym,01.02,write_derivation_DB_and_time_reversal_DB_and_limit,16504,
FY301,0003,0102.sym,01.02,read_counter_of_change,16441,
FY301,0003,0102.sym,01.02,read_static_data_materials_and_air_to,16414,
FY301,0003,0102.sym,01.02,write_smar_order_code,16475,
FY301,0003,0102.sym,01.02,write_valve_action,16440,
FY301,0003,0102.sym,01.02,write_servo_pid_set_point_percentage_sp,16531,
FY301,0003,0102.sym,01.02,write_servo_pid_sp_limits,16526,
FY301,0003,0102.sym,01.02,read_levels_of_programing_tree,16477,
FY301,0003,0102.sym,01.02,read_valve_id_number,16485,
FY301,0003,0102.sym,01.02,read_servo_pid_set_point_mode,16527,
FY301,0003,0102.sym,01.02,write_servo_pid_power_up_data_percent,16534,
FY301,0003,0102.sym,01.02,write_air_to,16417,
FY301,0003,0102.sym,01.02,backup_restore,16435,
FY301,0003,0102.sym,01.02,read_valve_motion_type,16488,
FY301,0003,0102.sym,01.02,write_upper_transducer_trim_point,16419,
FY301,0003,0102.sym,01.02,write_levels_of_programing_tree,16481,
FY301,0003,0102.sym,01.02,write_valve_motion_type,16490,
FY301,0003,0102.sym,01.02,read_actuator_id_number,16482,
FY301,0003,0102.sym,01.02,write_diaginosis_reference,16549,
FY301,0003,0102.sym,01.02,read_servo_pid_controller_variables,16509,
FY301,0003,0102.sym,01.02,read_diagnosis_variables,16556,
FY301,0003,0102.sym,01.02,lower_upper_da_trim,16460,
FY301,0003,0102.sym,01.02,write_servo_pid_integral_factor_tr,16517,
FY301,0003,0102.sym,01.02,read_servo_pid_sp_limits,16519,
FY301,0003,0102.sym,01.02,read_servo_pid_power_up_data_percent,16532,
FY301,0003,0102.sym,01.02,Write_lower_transducer_trim_point,16418,
FY301,0003,0102.sym,01.02,setup_command,16434,
FY301,0003,0102.sym,01.02,write_divice_id_number,16476,
FY301,0003,0102.sym,01.02,read_smar_order_code,16473,
FY301,0003,0102.sym,01.02,read_local_keys_mode_control,16463,
FY301,0003,0102.sym,01.02,write_table_function,16430,
FY301,0003,0102.sym,01.02,read_local_key_mode_control,16420,
FY301,0003,0102.sym,01.02,write_password,16470,
FY301,0003,0102.sym,01.02,read_diagnostic_flag_enable_disable,16535,
FY301,0003,0103.sym,01.03,write_number_table_points,16433,
FY301,0003,0103.sym,01.03,write_mileage_limit_and_mileage_span,16498,
FY301,0003,0103.sym,01.03,write_valve_id_number,16487,
FY301,0003,0103.sym,01.03,reset_settings,16538,
FY301,0003,0103.sym,01.03,read_servo_pid_block_parameters,16512,
FY301,0003,0103.sym,01.03,read_mileage_limit_and_mileage_span,16491,
FY301,0003,0103.sym,01.03,read_derivation_DB_and_time_reversal_DB_and_limit,16499,
FY301,0003,0103.sym,01.03,write_servo_pid_proportional_factor_kp,16516,
FY301,0003,0103.sym,01.03,write_servo_pid_dead_band,16518,
FY301,0003,0103.sym,01.03,read_set_point_percentage_sp,16530,
FY301,0003,0103.sym,01.03,get_performance_time,16550,
FY301,0003,0103.sym,01.03,read_diagnosis_reference,16540,
FY301,0003,0103.sym,01.03,read_valve_action,16438,
FY301,0003,0103.sym,01.03,read_table_function,16422,
FY301,0003,0103.sym,01.03,write_servo_pid_set_point_mode,16529,
FY301,0003,0103.sym,01.03,read_diagnosis_refence_cont,16551,
FY301,0003,0103.sym,01.03,read_servo_pid_controller_mode,16506,
FY301,0003,0103.sym,01.03,trim_temperature_trim_factory,16437,
FY301,0003,0103.sym,01.03,write_servo_pid_controller_mode,16508,
FY301,0003,0103.sym,01.03,read_password,16465,
FY301,0003,0103.sym,01.03,write_unit_pressure,16666,
FY301,0003,0103.sym,01.03,write_fail_safe_mode_alarm_selection,16505,
FY301,0003,0103.sym,01.03,write_diagnostic_flag_enable_disable,16537,
FY301,0003,0103.sym,01.03,write_actuator_id_number,16484,
FY301,0003,0103.sym,01.03,write_derivation_DB_and_time_reversal_DB_and_limit,16504,
FY301,0003,0103.sym,01.03,read_counter_of_change,16441,
FY301,0003,0103.sym,01.03,read_static_data_materials_and_air_to,16414,
FY301,0003,0103.sym,01.03,write_smar_order_code,16475,
FY301,0003,0103.sym,01.03,write_valve_action,16440,
FY301,0003,0103.sym,01.03,write_display_indication,16679,
FY301,0003,0103.sym,01.03,write_servo_pid_set_point_percentage_sp,16531,
FY301,0003,0103.sym,01.03,write_servo_pid_sp_limits,16526,
FY301,0003,0103.sym,01.03,read_levels_of_programing_tree,16477,
FY301,0003,0103.sym,01.03,read_valve_id_number,16485,
FY301,0003,0103.sym,01.03,read_servo_pid_set_point_mode,16527,
FY301,0003,0103.sym,01.03,write_read_manual_setup,16682,
FY301,0003,0103.sym,01.03,write_servo_pid_power_up_data_percent,16534,
FY301,0003,0103.sym,01.03,read_unit_pressure,16664,
FY301,0003,0103.sym,01.03,write_air_to,16417,
FY301,0003,0103.sym,01.03,backup_restore,16435,
FY301,0003,0103.sym,01.03,read_valve_motion_type,16488,
FY301,0003,0103.sym,01.03,write_upper_transducer_trim_point,16419,
FY301,0003,0103.sym,01.03,write_levels_of_programing_tree,16481,
FY301,0003,0103.sym,01.03,write_valve_motion_type,16490,
FY301,0003,0103.sym,01.03,read_display_indication,16677,
FY301,0003,0103.sym,01.03,read_pressure_status,16675,
FY301,0003,0103.sym,01.03,read_actuator_id_number,16482,
FY301,0003,0103.sym,01.03,write_diaginosis_reference,16549,
FY301,0003,0103.sym,01.03,read_manual_setup,16680,
FY301,0003,0103.sym,01.03,read_servo_pid_controller_variables,16509,
FY301,0003,0103.sym,01.03,read_diagnosis_variables,16556,
FY301,0003,0103.sym,01.03,lower_upper_da_trim,16460,
FY301,0003,0103.sym,01.03,write_servo_pid_integral_factor_tr,16517,
FY301,0003,0103.sym,01.03,read_servo_pid_sp_limits,16519,
FY301,0003,0103.sym,01.03,read_sensor_pressure_limits,16671,
FY301,0003,0103.sym,01.03,read_servo_pid_power_up_data_percent,16532,
FY301,0003,0103.sym,01.03,Write_lower_transducer_trim_point,16418,
FY301,0003,0103.sym,01.03,setup_command,16434,
FY301,0003,0103.sym,01.03,write_divice_id_number,16476,
FY301,0003,0103.sym,01.03,read_smar_order_code,16473,
FY301,0003,0103.sym,01.03,write_sensor_pressure_limits,16674,
FY301,0003,0103.sym,01.03,read_local_keys_mode_control,16463,
FY301,0003,0103.sym,01.03,write_table_function,16430,
FY301,0003,0103.sym,01.03,trim_upper_lower_pressure,16667,
FY301,0003,0103.sym,01.03,read_local_key_mode_control,16420,
FY301,0003,0103.sym,01.03,write_password,16470,
FY301,0003,0103.sym,01.03,read_diagnostic_flag_enable_disable,16535,
FY301,0003,0201.sym,02.01,read_servo_pid_controller_mode,16497,
FY301,0003,0201.sym,02.01,write_fail_safe_mode_alarm_selection,16496,
FY301,0003,0201.sym,02.01,write_levels_of_programing_tree,16480,
FY301,0003,0201.sym,02.01,write_read_manual_setup,16706,
FY301,0003,0201.sym,02.01,write_valve_action,16439,
FY301,0003,0201.sym,02.01,write_servo_pid_controller_mode,16499,
FY301,0003,0201.sym,02.01,write_servo_pid_proportional_factor_kp,16507,
FY301,0003,0201.sym,02.01,read_smar_order_code,16472,
FY301,0003,0201.sym,02.01,write_valve_id_number,16486,
FY301,0003,0201.sym,02.01,read_servo_pid_set_point_mode,16518,
FY301,0003,0201.sym,02.01,read_servo_pid_controller_variables,16500,
FY301,0003,0201.sym,02.01,reset_settings,16529,
FY301,0003,0201.sym,02.01,read_levels_of_programing_tree,16476,
FY301,0003,0201.sym,02.01,read_set_point_percentage_sp,16521,
FY301,0003,0201.sym,02.01,read_actuator_id_number,16481,
FY301,0003,0201.sym,02.01,read_manual_setup,16704,
FY301,0003,0201.sym,02.01,read_password,16464,
FY301,0003,0201.sym,02.01,trim_upper_lower_pressure,16691,
FY301,0003,0201.sym,02.01,write_divice_id_number,16475,
FY301,0003,0201.sym,02.01,write_servo_pid_power_up_data_percent,16525,
FY301,0003,0201.sym,02.01,read_diagnosis_refence_cont,16542,
FY301,0003,0201.sym,02.01,write_table_function,16429,
FY301,0003,0201.sym,02.01,read_unit_pressure,16688,
FY301,0003,0201.sym,02.01,write_mileage_limit_and_mileage_span,16494,
FY301,0003,0201.sym,02.01,write_upper_transducer_trim_point,16418,
FY301,0003,0201.sym,02.01,read_mileage_limit_and_mileage_span,16490,
FY301,0003,0201.sym,02.01,write_servo_pid_dead_band,16509,
FY301,0003,0201.sym,02.01,read_valve_action,16437,
FY301,0003,0201.sym,02.01,backup_restore,16434,
FY301,0003,0201.sym,02.01,write_servo_pid_sp_limits,16517,
FY301,0003,0201.sym,02.01,read_diagnostic_flag_enable_disable,16526,
FY301,0003,0201.sym,02.01,setup_command,16433,
FY301,0003,0201.sym,02.01,write_servo_pid_integral_factor_tr,16508,
FY301,0003,0201.sym,02.01,read_display_indication,16701,
FY301,0003,0201.sym,02.01,read_servo_pid_power_up_data_percent,16523,
FY301,0003,0201.sym,02.01,write_smar_order_code,16474,
FY301,0003,0201.sym,02.01,write_unit_pressure,16690,
FY301,0003,0201.sym,02.01,write_diaginosis_reference,16540,
FY301,0003,0201.sym,02.01,read_static_data_materials_and_air_to,16413,
FY301,0003,0201.sym,02.01,write_number_table_points,16432,
FY301,0003,0201.sym,02.01,write_derivation_DB_and_time_reversal_DB_and_limit,16674,
FY301,0003,0201.sym,02.01,read_diagnosis_reference,16531,
FY301,0003,0201.sym,02.01,write_sensor_pressure_limits,16698,
FY301,0003,0201.sym,02.01,trim_temperature_trim_factory,16436,
FY301,0003,0201.sym,02.01,read_local_keys_mode_control,16462,
FY301,0003,0201.sym,02.01,read_diagnosis_variables,16547,
FY301,0003,0201.sym,02.01,read_table_function,16421,
FY301,0003,0201.sym,02.01,write_display_indication,16703,
FY301,0003,0201.sym,02.01,write_password,16469,
FY301,0003,0201.sym,02.01,write_actuator_id_number,16483,
FY301,0003,0201.sym,02.01,write_servo_pid_set_point_percentage_sp,16522,
FY301,0003,0201.sym,02.01,get_performance_time,16541,
FY301,0003,0201.sym,02.01,write_air_to,16416,
FY301,0003,0201.sym,02.01,read_sensor_pressure_limits,16695,
FY301,0003,0201.sym,02.01,Read_Pressure_Sensor_Value,16684,
FY301,0003,0201.sym,02.01,write_manufacturer_and_device_codes_and_specific_revision_of_hart,16495,
FY301,0003,0201.sym,02.01,read_pressure_status,16699,
FY301,0003,0201.sym,02.01,read_valve_id_number,16484,
FY301,0003,0201.sym,02.01,read_valve_motion_type,16487,
FY301,0003,0201.sym,02.01,write_servo_pid_set_point_mode,16520,
FY301,0003,0201.sym,02.01,read_servo_pid_block_parameters,16503,
FY301,0003,0201.sym,02.01,Write_lower_transducer_trim_point,16417,
FY301,0003,0201.sym,02.01,lower_upper_da_trim,16459,
FY301,0003,0201.sym,02.01,read_local_key_mode_control,16419,
FY301,0003,0201.sym,02.01,write_valve_motion_type,16489,
FY301,0003,0201.sym,02.01,write_diagnostic_flag_enable_disable,16528,
FY301,0003,0201.sym,02.01,read_counter_of_change,16440,
FY301,0003,0201.sym,02.01,read_servo_pid_sp_limits,16510,
FY301,0003,0201.sym,02.01,read_derivation_DB_and_time_reversal_DB_and_limit,16669,
FY301,0003,0202.sym,02.02,write_number_table_points,16433,
FY301,0003,0202.sym,02.02,write_mileage_limit_and_mileage_span,16498,
FY301,0003,0202.sym,02.02,write_valve_id_number,16487,
FY301,0003,0202.sym,02.02,reset_settings,16538,
FY301,0003,0202.sym,02.02,read_servo_pid_block_parameters,16512,
FY301,0003,0202.sym,02.02,read_mileage_limit_and_mileage_span,16491,
FY301,0003,0202.sym,02.02,read_derivation_DB_and_time_reversal_DB_and_limit,16499,
FY301,0003,0202.sym,02.02,write_servo_pid_proportional_factor_kp,16516,
FY301,0003,0202.sym,02.02,write_servo_pid_dead_band,16518,
FY301,0003,0202.sym,02.02,read_set_point_percentage_sp,16530,
FY301,0003,0202.sym,02.02,get_performance_time,16550,
FY301,0003,0202.sym,02.02,read_diagnosis_reference,16540,
FY301,0003,0202.sym,02.02,read_valve_action,16438,
FY301,0003,0202.sym,02.02,read_table_function,16422,
FY301,0003,0202.sym,02.02,write_servo_pid_set_point_mode,16529,
FY301,0003,0202.sym,02.02,read_diagnosis_refence_cont,16551,
FY301,0003,0202.sym,02.02,read_servo_pid_controller_mode,16506,
FY301,0003,0202.sym,02.02,trim_temperature_trim_factory,16437,
FY301,0003,0202.sym,02.02,write_servo_pid_controller_mode,16508,
FY301,0003,0202.sym,02.02,read_password,16465,
FY301,0003,0202.sym,02.02,write_unit_pressure,16667,
FY301,0003,0202.sym,02.02,write_fail_safe_mode_alarm_selection,16505,
FY301,0003,0202.sym,02.02,write_diagnostic_flag_enable_disable,16537,
FY301,0003,0202.sym,02.02,write_actuator_id_number,16484,
FY301,0003,0202.sym,02.02,write_derivation_DB_and_time_reversal_DB_and_limit,16504,
FY301,0003,0202.sym,02.02,read_counter_of_change,16441,
FY301,0003,0202.sym,02.02,read_static_data_materials_and_air_to,16414,
FY301,0003,0202.sym,02.02,write_smar_order_code,16475,
FY301,0003,0202.sym,02.02,write_valve_action,16440,
FY301,0003,0202.sym,02.02,write_display_indication,16680,
FY301,0003,0202.sym,02.02,Read_Pressure_Sensor_Value,16697,
FY301,0003,0202.sym,02.02,write_servo_pid_set_point_percentage_sp,16531,
FY301,0003,0202.sym,02.02,write_servo_pid_sp_limits,16526,
FY301,0003,0202.sym,02.02,read_levels_of_programing_tree,16477,
FY301,0003,0202.sym,02.02,read_valve_id_number,16485,
FY301,0003,0202.sym,02.02,read_servo_pid_set_point_mode,16527,
FY301,0003,0202.sym,02.02,write_read_manual_setup,16683,
FY301,0003,0202.sym,02.02,write_servo_pid_power_up_data_percent,16534,
FY301,0003,0202.sym,02.02,read_unit_pressure,16665,
FY301,0003,0202.sym,02.02,write_air_to,16417,
FY301,0003,0202.sym,02.02,backup_restore,16435,
FY301,0003,0202.sym,02.02,read_valve_motion_type,16488,
FY301,0003,0202.sym,02.02,write_upper_transducer_trim_point,16419,
FY301,0003,0202.sym,02.02,write_levels_of_programing_tree,16481,
FY301,0003,0202.sym,02.02,write_valve_motion_type,16490,
FY301,0003,0202.sym,02.02,read_display_indication,16678,
FY301,0003,0202.sym,02.02,read_pressure_status,16676,
FY301,0003,0202.sym,02.02,read_actuator_id_number,16482,
FY301,0003,0202.sym,02.02,write_diaginosis_reference,16549,
FY301,0003,0202.sym,02.02,read_manual_setup,16681,
FY301,0003,0202.sym,02.02,read_servo_pid_controller_variables,16509,
FY301,0003,0202.sym,02.02,read_diagnosis_variables,16556,
FY301,0003,0202.sym,02.02,lower_upper_da_trim,16460,
FY301,0003,0202.sym,02.02,write_servo_pid_integral_factor_tr,16517,
FY301,0003,0202.sym,02.02,read_servo_pid_sp_limits,16519,
FY301,0003,0202.sym,02.02,read_sensor_pressure_limits,16672,
FY301,0003,0202.sym,02.02,read_servo_pid_power_up_data_percent,16532,
FY301,0003,0202.sym,02.02,Write_lower_transducer_trim_point,16418,
FY301,0003,0202.sym,02.02,setup_command,16434,
FY301,0003,0202.sym,02.02,write_divice_id_number,16476,
FY301,0003,0202.sym,02.02,read_smar_order_code,16473,
FY301,0003,0202.sym,02.02,write_sensor_pressure_limits,16675,
FY301,0003,0202.sym,02.02,read_local_keys_mode_control,16463,
FY301,0003,0202.sym,02.02,write_table_function,16430,
FY301,0003,0202.sym,02.02,trim_upper_lower_pressure,16668,
FY301,0003,0202.sym,02.02,read_local_key_mode_control,16420,
FY301,0003,0202.sym,02.02,write_password,16470,
FY301,0003,0202.sym,02.02,read_diagnostic_flag_enable_disable,16535,
