model,dd_dir,sym_file,dd_rev_guess,command_name,sym_id,flags
LD301,0001,0303.sym,03.03,write_number_table_points,16469,
LD301,0001,0303.sym,03.03,write_characterization_trim_mode,16525,
LD301,0001,0303.sym,03.03,WRITE_MANIPULATED_VARIABLE,16485,
LD301,0001,0303.sym,03.03,read_totalizer_parameters,16580,
LD301,0001,0303.sym,03.03,WRITE_SETPOINT_TRACKING_AND_CONTROLLER_MODE,16483,
LD301,0001,0303.sym,03.03,write_user_unit_string,16557,
LD301,0001,0303.sym,03.03,write_static_data_material,16416,
LD301,0001,0303.sym,03.03,write_max_flow,16581,
LD301,0001,0303.sym,03.03,write_number_char_points,16523,
LD301,0001,0303.sym,03.03,write_smar_ordering_code,16553,
LD301,0001,0303.sym,03.03,WRITE_DEVICE_MODE,16476,
LD301,0001,0303.sym,03.03,read_table_function,16467,
LD301,0001,0303.sym,03.03,write_total_unit,16585,
LD301,0001,0303.sym,03.03,read_display_code,16528,
LD301,0001,0303.sym,03.03,READ_PID_BLOCK_CONFIGURATION,16474,
LD301,0001,0303.sym,03.03,write_cut_off_mode,16502,
LD301,0001,0303.sym,03.03,read_square_root_parameters,16500,
LD301,0001,0303.sym,03.03,READ_MANIPULATED_VARIABLE_LIMITS,16494,
LD301,0001,0303.sym,03.03,read_change_counters,16542,
LD301,0001,0303.sym,03.03,write_square_root_parameters,16501,
LD301,0001,0303.sym,03.03,write_user_unit_mode,16563,
LD301,0001,0303.sym,03.03,read_total_unit,16584,
LD301,0001,0303.sym,03.03,read_total,16577,
LD301,0001,0303.sym,03.03,Write_Display_Code,16529,
LD301,0001,0303.sym,03.03,backup_restore,16589,
LD301,0001,0303.sym,03.03,READ_CONTROLLER_VARIABLES_PERCENTAGE,16482,
LD301,0001,0303.sym,03.03,read_passwords,16545,
LD301,0001,0303.sym,03.03,write_analog_output_alarm_select,16586,
LD301,0001,0303.sym,03.03,read_user_unit_string,16556,
LD301,0001,0303.sym,03.03,WRITE_PROPORTIONAL_FACTOR,16490,
LD301,0001,0303.sym,03.03,read_char_trim_point,16522,
LD301,0001,0303.sym,03.03,write_char_trim_point,16524,
LD301,0001,0303.sym,03.03,read_password_levels,16564,
LD301,0001,0303.sym,03.03,read_static_data_material,16415,
LD301,0001,0303.sym,03.03,WRITE_SETPOINT,16484,
LD301,0001,0303.sym,03.03,write_total_conversion_factor,16582,
LD301,0001,0303.sym,03.03,WRITE_PID_BLOCK_CONFIGURATION,16475,
LD301,0001,0303.sym,03.03,READ_DEVICE_MODE,16473,
LD301,0001,0303.sym,03.03,write_password_levels,16573,
LD301,0001,0303.sym,03.03,READ_PID_BLOCK_PARAMETERS,16489,
LD301,0001,0303.sym,03.03,WRITE_POWER_UP_DATA,16499,
LD301,0001,0303.sym,03.03,write_communication_protection_mode,16543,
LD301,0001,0303.sym,03.03,WRITE_MANIPULATED_VARIABLE_LIMITS,16495,
LD301,0001,0303.sym,03.03,WRITE_DERIVATIVE_TIME,16492,
LD301,0001,0303.sym,03.03,READ_POWER_UP_DATA,16498,
LD301,0001,0303.sym,03.03,write_totalizer_mode,16575,
LD301,0001,0303.sym,03.03,read_smar_ordering_code,16552,
LD301,0001,0303.sym,03.03,WRITE_INTEGRAL_TIME,16491,
LD301,0001,0303.sym,03.03,write_passwords,16549,
LD301,0001,0303.sym,03.03,reset_totalizer,16576,
LD301,0001,0303.sym,03.03,write_table_function,16468,
LD301,0001,0303.sym,03.03,read_users_values,16561,
LD301,0001,0303.sym,03.03,write_user_values,16562,
LD301,0001,0304.sym,03.04,write_number_table_points,16469,
LD301,0001,0304.sym,03.04,write_characterization_trim_mode,16525,
LD301,0001,0304.sym,03.04,WRITE_MANIPULATED_VARIABLE,16485,
LD301,0001,0304.sym,03.04,read_totalizer_parameters,16580,
LD301,0001,0304.sym,03.04,WRITE_SETPOINT_TRACKING_AND_CONTROLLER_MODE,16483,
LD301,0001,0304.sym,03.04,write_user_unit_string,16557,
LD301,0001,0304.sym,03.04,write_static_data_material,16416,
LD301,0001,0304.sym,03.04,write_max_flow,16581,
LD301,0001,0304.sym,03.04,write_number_char_points,16523,
LD301,0001,0304.sym,03.04,write_smar_ordering_code,16553,
LD301,0001,0304.sym,03.04,WRITE_DEVICE_MODE,16476,
LD301,0001,0304.sym,03.04,read_table_function,16467,
LD301,0001,0304.sym,03.04,write_total_unit,16585,
LD301,0001,0304.sym,03.04,read_enable_disable_zero_curve_flag,16649,
LD301,0001,0304.sym,03.04,write_enable_disable_zero_curve_flag,16650,
LD301,0001,0304.sym,03.04,read_display_code,16528,
LD301,0001,0304.sym,03.04,READ_PID_BLOCK_CONFIGURATION,16474,
LD301,0001,0304.sym,03.04,write_cut_off_mode,16502,
LD301,0001,0304.sym,03.04,read_square_root_parameters,16500,
LD301,0001,0304.sym,03.04,READ_MANIPULATED_VARIABLE_LIMITS,16494,
LD301,0001,0304.sym,03.04,read_change_counters,16542,
LD301,0001,0304.sym,03.04,write_square_root_parameters,16501,
LD301,0001,0304.sym,03.04,trim_temperature_sensor,16652,
LD301,0001,0304.sym,03.04,write_user_unit_mode,16563,
LD301,0001,0304.sym,03.04,read_total_unit,16584,
LD301,0001,0304.sym,03.04,read_total,16577,
LD301,0001,0304.sym,03.04,Write_Display_Code,16529,
LD301,0001,0304.sym,03.04,backup_restore,16589,
LD301,0001,0304.sym,03.04,READ_CONTROLLER_VARIABLES_PERCENTAGE,16482,
LD301,0001,0304.sym,03.04,read_passwords,16545,
LD301,0001,0304.sym,03.04,write_device_identification_number,16647,
LD301,0001,0304.sym,03.04,read_user_unit_string,16556,
LD301,0001,0304.sym,03.04,write_analog_output_alarm_select,16586,
LD301,0001,0304.sym,03.04,WRITE_PROPORTIONAL_FACTOR,16490,
LD301,0001,0304.sym,03.04,read_char_trim_point,16522,
LD301,0001,0304.sym,03.04,write_char_trim_point,16524,
LD301,0001,0304.sym,03.04,read_password_levels,16564,
LD301,0001,0304.sym,03.04,read_static_data_material,16415,
LD301,0001,0304.sym,03.04,WRITE_SETPOINT,16484,
LD301,0001,0304.sym,03.04,write_total_conversion_factor,16582,
LD301,0001,0304.sym,03.04,WRITE_PID_BLOCK_CONFIGURATION,16475,
LD301,0001,0304.sym,03.04,READ_DEVICE_MODE,16473,
LD301,0001,0304.sym,03.04,write_password_levels,16573,
LD301,0001,0304.sym,03.04,READ_PID_BLOCK_PARAMETERS,16489,
LD301,0001,0304.sym,03.04,WRITE_POWER_UP_DATA,16499,
LD301,0001,0304.sym,03.04,write_communication_protection_mode,16543,
LD301,0001,0304.sym,03.04,WRITE_MANIPULATED_VARIABLE_LIMITS,16495,
LD301,0001,0304.sym,03.04,WRITE_DERIVATIVE_TIME,16492,
LD301,0001,0304.sym,03.04,READ_POWER_UP_DATA,16498,
LD301,0001,0304.sym,03.04,write_totalizer_mode,16575,
LD301,0001,0304.sym,03.04,read_smar_ordering_code,16552,
LD301,0001,0304.sym,03.04,WRITE_INTEGRAL_TIME,16491,
LD301,0001,0304.sym,03.04,write_passwords,16549,
LD301,0001,0304.sym,03.04,reset_totalizer,16576,
LD301,0001,0304.sym,03.04,write_table_function,16468,
LD301,0001,0304.sym,03.04,read_users_values,16561,
LD301,0001,0304.sym,03.04,write_user_values,16562,
LD301,0001,0305.sym,03.05,write_number_table_points,16469,
LD301,0001,0305.sym,03.05,write_characterization_trim_mode,16525,
LD301,0001,0305.sym,03.05,WRITE_MANIPULATED_VARIABLE,16485,
LD301,0001,0305.sym,03.05,read_totalizer_parameters,16580,
LD301,0001,0305.sym,03.05,WRITE_SETPOINT_TRACKING_AND_CONTROLLER_MODE,16483,
LD301,0001,0305.sym,03.05,write_user_unit_string,16557,
LD301,0001,0305.sym,03.05,write_static_data_material,16416,
LD301,0001,0305.sym,03.05,write_max_flow,16581,
LD301,0001,0305.sym,03.05,write_number_char_points,16523,
LD301,0001,0305.sym,03.05,write_smar_ordering_code,16553,
LD301,0001,0305.sym,03.05,WRITE_DEVICE_MODE,16476,
LD301,0001,0305.sym,03.05,read_table_function,16467,
LD301,0001,0305.sym,03.05,write_total_unit,16585,
LD301,0001,0305.sym,03.05,read_enable_disable_zero_curve_flag,16649,
LD301,0001,0305.sym,03.05,write_enable_disable_zero_curve_flag,16650,
LD301,0001,0305.sym,03.05,read_display_code,16528,
LD301,0001,0305.sym,03.05,READ_PID_BLOCK_CONFIGURATION,16474,
LD301,0001,0305.sym,03.05,write_cut_off_mode,16502,
LD301,0001,0305.sym,03.05,read_square_root_parameters,16500,
LD301,0001,0305.sym,03.05,READ_MANIPULATED_VARIABLE_LIMITS,16494,
LD301,0001,0305.sym,03.05,read_change_counters,16542,
LD301,0001,0305.sym,03.05,write_square_root_parameters,16501,
LD301,0001,0305.sym,03.05,trim_temperature_sensor,16652,
LD301,0001,0305.sym,03.05,write_user_unit_mode,16563,
LD301,0001,0305.sym,03.05,read_total_unit,16584,
LD301,0001,0305.sym,03.05,read_total,16577,
LD301,0001,0305.sym,03.05,Write_Display_Code,16529,
LD301,0001,0305.sym,03.05,backup_restore,16589,
LD301,0001,0305.sym,03.05,READ_CONTROLLER_VARIABLES_PERCENTAGE,16482,
LD301,0001,0305.sym,03.05,read_passwords,16545,
LD301,0001,0305.sym,03.05,write_device_identification_number,16647,
LD301,0001,0305.sym,03.05,read_user_unit_string,16556,
LD301,0001,0305.sym,03.05,write_analog_output_alarm_select,16586,
LD301,0001,0305.sym,03.05,WRITE_PROPORTIONAL_FACTOR,16490,
LD301,0001,0305.sym,03.05,read_char_trim_point,16522,
LD301,0001,0305.sym,03.05,write_char_trim_point,16524,
LD301,0001,0305.sym,03.05,read_password_levels,16564,
LD301,0001,0305.sym,03.05,read_static_data_material,16415,
LD301,0001,0305.sym,03.05,WRITE_SETPOINT,16484,
LD301,0001,0305.sym,03.05,write_total_conversion_factor,16582,
LD301,0001,0305.sym,03.05,WRITE_PID_BLOCK_CONFIGURATION,16475,
LD301,0001,0305.sym,03.05,READ_DEVICE_MODE,16473,
LD301,0001,0305.sym,03.05,write_password_levels,16573,
LD301,0001,0305.sym,03.05,READ_PID_BLOCK_PARAMETERS,16489,
LD301,0001,0305.sym,03.05,WRITE_POWER_UP_DATA,16499,
LD301,0001,0305.sym,03.05,write_communication_protection_mode,16543,
LD301,0001,0305.sym,03.05,WRITE_MANIPULATED_VARIABLE_LIMITS,16495,
LD301,0001,0305.sym,03.05,WRITE_DERIVATIVE_TIME,16492,
LD301,0001,0305.sym,03.05,READ_POWER_UP_DATA,16498,
LD301,0001,0305.sym,03.05,write_totalizer_mode,16575,
LD301,0001,0305.sym,03.05,read_smar_ordering_code,16552,
LD301,0001,0305.sym,03.05,WRITE_INTEGRAL_TIME,16491,
LD301,0001,0305.sym,03.05,write_passwords,16549,
LD301,0001,0305.sym,03.05,reset_totalizer,16576,
LD301,0001,0305.sym,03.05,write_table_function,16468,
LD301,0001,0305.sym,03.05,read_users_values,16561,
LD301,0001,0305.sym,03.05,write_user_values,16562,
LD301,0001,0306.sym,03.06,write_number_table_points,16469,
LD301,0001,0306.sym,03.06,write_characterization_trim_mode,16525,
LD301,0001,0306.sym,03.06,WRITE_MANIPULATED_VARIABLE,16485,
LD301,0001,0306.sym,03.06,read_totalizer_parameters,16580,
LD301,0001,0306.sym,03.06,WRITE_SETPOINT_TRACKING_AND_CONTROLLER_MODE,16483,
LD301,0001,0306.sym,03.06,write_user_unit_string,16557,
LD301,0001,0306.sym,03.06,write_static_data_material,16416,
LD301,0001,0306.sym,03.06,write_max_flow,16581,
LD301,0001,0306.sym,03.06,write_number_char_points,16523,
LD301,0001,0306.sym,03.06,write_smar_ordering_code,16553,
LD301,0001,0306.sym,03.06,WRITE_DEVICE_MODE,16476,
LD301,0001,0306.sym,03.06,read_table_function,16467,
LD301,0001,0306.sym,03.06,write_total_unit,16585,
LD301,0001,0306.sym,03.06,read_enable_disable_zero_curve_flag,16649,
LD301,0001,0306.sym,03.06,write_enable_disable_zero_curve_flag,16650,
LD301,0001,0306.sym,03.06,read_display_code,16528,
LD301,0001,0306.sym,03.06,READ_PID_BLOCK_CONFIGURATION,16474,
LD301,0001,0306.sym,03.06,write_cut_off_mode,16502,
LD301,0001,0306.sym,03.06,read_square_root_parameters,16500,
LD301,0001,0306.sym,03.06,READ_MANIPULATED_VARIABLE_LIMITS,16494,
LD301,0001,0306.sym,03.06,read_change_counters,16542,
LD301,0001,0306.sym,03.06,write_square_root_parameters,16501,
LD301,0001,0306.sym,03.06,trim_temperature_sensor,16652,
LD301,0001,0306.sym,03.06,write_user_unit_mode,16563,
LD301,0001,0306.sym,03.06,read_total_unit,16584,
LD301,0001,0306.sym,03.06,read_total,16577,
LD301,0001,0306.sym,03.06,Write_Display_Code,16529,
LD301,0001,0306.sym,03.06,backup_restore,16589,
LD301,0001,0306.sym,03.06,READ_CONTROLLER_VARIABLES_PERCENTAGE,16482,
LD301,0001,0306.sym,03.06,read_passwords,16545,
LD301,0001,0306.sym,03.06,write_device_identification_number,16647,
LD301,0001,0306.sym,03.06,read_user_unit_string,16556,
LD301,0001,0306.sym,03.06,write_analog_output_alarm_select,16586,
LD301,0001,0306.sym,03.06,WRITE_PROPORTIONAL_FACTOR,16490,
LD301,0001,0306.sym,03.06,read_char_trim_point,16522,
LD301,0001,0306.sym,03.06,write_char_trim_point,16524,
LD301,0001,0306.sym,03.06,read_password_levels,16564,
LD301,0001,0306.sym,03.06,read_static_data_material,16415,
LD301,0001,0306.sym,03.06,WRITE_SETPOINT,16484,
LD301,0001,0306.sym,03.06,write_total_conversion_factor,16582,
LD301,0001,0306.sym,03.06,WRITE_PID_BLOCK_CONFIGURATION,16475,
LD301,0001,0306.sym,03.06,READ_DEVICE_MODE,16473,
LD301,0001,0306.sym,03.06,write_password_levels,16573,
LD301,0001,0306.sym,03.06,READ_PID_BLOCK_PARAMETERS,16489,
LD301,0001,0306.sym,03.06,WRITE_POWER_UP_DATA,16499,
LD301,0001,0306.sym,03.06,write_communication_protection_mode,16543,
LD301,0001,0306.sym,03.06,WRITE_MANIPULATED_VARIABLE_LIMITS,16495,
LD301,0001,0306.sym,03.06,WRITE_DERIVATIVE_TIME,16492,
LD301,0001,0306.sym,03.06,READ_POWER_UP_DATA,16498,
LD301,0001,0306.sym,03.06,write_totalizer_mode,16575,
LD301,0001,0306.sym,03.06,read_smar_ordering_code,16552,
LD301,0001,0306.sym,03.06,WRITE_INTEGRAL_TIME,16491,
LD301,0001,0306.sym,03.06,write_passwords,16549,
LD301,0001,0306.sym,03.06,reset_totalizer,16576,
LD301,0001,0306.sym,03.06,write_table_function,16468,
LD301,0001,0306.sym,03.06,read_users_values,16561,
LD301,0001,0306.sym,03.06,write_user_values,16562,
LD301,0001,0401.sym,04.01,write_number_table_points,16462,
LD301,0001,0401.sym,04.01,write_characterization_trim_mode,16521,
LD301,0001,0401.sym,04.01,WRITE_MANIPULATED_VARIABLE,16481,
LD301,0001,0401.sym,04.01,read_totalizer_parameters,16561,
LD301,0001,0401.sym,04.01,WRITE_SETPOINT_TRACKING_AND_CONTROLLER_MODE,16479,
LD301,0001,0401.sym,04.01,write_user_unit_string,16546,
LD301,0001,0401.sym,04.01,write_static_data_material,16409,
LD301,0001,0401.sym,04.01,write_max_flow,16562,
LD301,0001,0401.sym,04.01,write_number_char_points,16519,
LD301,0001,0401.sym,04.01,write_smar_ordering_code,16542,
LD301,0001,0401.sym,04.01,WRITE_DEVICE_MODE,16469,
LD301,0001,0401.sym,04.01,read_table_function,16460,
LD301,0001,0401.sym,04.01,write_total_unit,16566,
LD301,0001,0401.sym,04.01,read_enable_disable_zero_curve_flag,16649,
LD301,0001,0401.sym,04.01,write_enable_disable_zero_curve_flag,16650,
LD301,0001,0401.sym,04.01,read_display_code,16524,
LD301,0001,0401.sym,04.01,READ_PID_BLOCK_CONFIGURATION,16467,
LD301,0001,0401.sym,04.01,write_cut_off_mode,16498,
LD301,0001,0401.sym,04.01,read_square_root_parameters,16496,
LD301,0001,0401.sym,04.01,READ_MANIPULATED_VARIABLE_LIMITS,16490,
LD301,0001,0401.sym,04.01,read_change_counters,16538,
LD301,0001,0401.sym,04.01,write_square_root_parameters,16497,
LD301,0001,0401.sym,04.01,trim_temperature_sensor,16652,
LD301,0001,0401.sym,04.01,write_user_unit_mode,16552,
LD301,0001,0401.sym,04.01,read_total_unit,16565,
LD301,0001,0401.sym,04.01,read_total,16558,
LD301,0001,0401.sym,04.01,Write_Display_Code,16525,
LD301,0001,0401.sym,04.01,backup_restore,16570,
LD301,0001,0401.sym,04.01,READ_CONTROLLER_VARIABLES_PERCENTAGE,16478,
LD301,0001,0401.sym,04.01,read_passwords,16597,
LD301,0001,0401.sym,04.01,write_device_identification_number,16647,
LD301,0001,0401.sym,04.01,write_analog_output_alarm_select,16567,
LD301,0001,0401.sym,04.01,read_user_unit_string,16545,
LD301,0001,0401.sym,04.01,WRITE_PROPORTIONAL_FACTOR,16486,
LD301,0001,0401.sym,04.01,read_char_trim_point,16518,
LD301,0001,0401.sym,04.01,write_char_trim_point,16520,
LD301,0001,0401.sym,04.01,read_password_levels,16604,
LD301,0001,0401.sym,04.01,read_static_data_material,16408,
LD301,0001,0401.sym,04.01,WRITE_SETPOINT,16480,
LD301,0001,0401.sym,04.01,write_total_conversion_factor,16563,
LD301,0001,0401.sym,04.01,WRITE_PID_BLOCK_CONFIGURATION,16468,
LD301,0001,0401.sym,04.01,READ_DEVICE_MODE,16466,
LD301,0001,0401.sym,04.01,write_password_levels,16613,
LD301,0001,0401.sym,04.01,READ_PID_BLOCK_PARAMETERS,16485,
LD301,0001,0401.sym,04.01,WRITE_POWER_UP_DATA,16495,
LD301,0001,0401.sym,04.01,write_communication_protection_mode,16539,
LD301,0001,0401.sym,04.01,WRITE_MANIPULATED_VARIABLE_LIMITS,16491,
LD301,0001,0401.sym,04.01,WRITE_DERIVATIVE_TIME,16488,
LD301,0001,0401.sym,04.01,READ_POWER_UP_DATA,16494,
LD301,0001,0401.sym,04.01,write_totalizer_mode,16555,
LD301,0001,0401.sym,04.01,read_smar_ordering_code,16541,
LD301,0001,0401.sym,04.01,WRITE_INTEGRAL_TIME,16487,
LD301,0001,0401.sym,04.01,write_passwords,16601,
LD301,0001,0401.sym,04.01,reset_totalizer,16557,
LD301,0001,0401.sym,04.01,write_table_function,16461,
LD301,0001,0401.sym,04.01,read_users_values,16550,
LD301,0001,0401.sym,04.01,write_user_values,16551,
LD301,0001,0402.sym,04.02,read_square_root_parameters,16496,
LD301,0001,0402.sym,04.02,READ_CONTROLLER_VARIABLES_PERCENTAGE,16478,
LD301,0001,0402.sym,04.02,write_communication_protection_mode,16539,
LD301,0001,0402.sym,04.02,read_change_counters,16538,
LD301,0001,0402.sym,04.02,read_totalizer_parameters,16561,
LD301,0001,0402.sym,04.02,read_display_code,16524,
LD301,0001,0402.sym,04.02,write_analog_output_alarm_select,16567,
LD301,0001,0402.sym,04.02,write_smar_ordering_code,16542,
LD301,0001,0402.sym,04.02,read_char_trim_point,16518,
LD301,0001,0402.sym,04.02,write_user_values,16551,
LD301,0001,0402.sym,04.02,read_smar_ordering_code,16541,
LD301,0001,0402.sym,04.02,write_device_identification_number,16647,
LD301,0001,0402.sym,04.02,write_user_unit_mode,16552,
LD301,0001,0402.sym,04.02,write_user_unit_string,16546,
LD301,0001,0402.sym,04.02,write_cut_off_mode,16498,
LD301,0001,0402.sym,04.02,read_user_unit_string,16545,
LD301,0001,0402.sym,04.02,WRITE_MANIPULATED_VARIABLE_LIMITS,16491,
LD301,0001,0402.sym,04.02,write_table_function,16461,
LD301,0001,0402.sym,04.02,reset_totalizer,16557,
LD301,0001,0402.sym,04.02,WRITE_INTEGRAL_TIME,16487,
LD301,0001,0402.sym,04.02,write_max_flow,16562,
LD301,0001,0402.sym,04.02,WRITE_SETPOINT,16480,
LD301,0001,0402.sym,04.02,WRITE_MANIPULATED_VARIABLE,16481,
LD301,0001,0402.sym,04.02,read_total,16558,
LD301,0001,0402.sym,04.02,write_total_conversion_factor,16563,
LD301,0001,0402.sym,04.02,write_characterization_trim_mode,16521,
LD301,0001,0402.sym,04.02,READ_MANIPULATED_VARIABLE_LIMITS,16490,
LD301,0001,0402.sym,04.02,backup_restore,16570,
LD301,0001,0402.sym,04.02,READ_PID_BLOCK_PARAMETERS,16485,
LD301,0001,0402.sym,04.02,read_static_data_material,16408,
LD301,0001,0402.sym,04.02,WRITE_DEVICE_MODE,16469,
LD301,0001,0402.sym,04.02,write_square_root_parameters,16497,
LD301,0001,0402.sym,04.02,write_number_table_points,16462,
LD301,0001,0402.sym,04.02,write_enable_disable_zero_curve_flag,16650,
LD301,0001,0402.sym,04.02,read_users_values,16550,
LD301,0001,0402.sym,04.02,WRITE_PID_BLOCK_CONFIGURATION,16468,
LD301,0001,0402.sym,04.02,READ_POWER_UP_DATA,16494,
LD301,0001,0402.sym,04.02,write_static_data_material,16409,
LD301,0001,0402.sym,04.02,read_table_function,16460,
LD301,0001,0402.sym,04.02,trim_temperature_sensor,16652,
LD301,0001,0402.sym,04.02,write_passwords,16601,
LD301,0001,0402.sym,04.02,read_total_unit,16565,
LD301,0001,0402.sym,04.02,write_password_levels,16613,
LD301,0001,0402.sym,04.02,WRITE_DERIVATIVE_TIME,16488,
LD301,0001,0402.sym,04.02,write_total_unit,16566,
LD301,0001,0402.sym,04.02,read_password_levels,16604,
LD301,0001,0402.sym,04.02,Write_Display_Code,16525,
LD301,0001,0402.sym,04.02,read_enable_disable_zero_curve_flag,16649,
LD301,0001,0402.sym,04.02,write_char_trim_point,16520,
LD301,0001,0402.sym,04.02,WRITE_SETPOINT_TRACKING_AND_CONTROLLER_MODE,16479,
LD301,0001,0402.sym,04.02,READ_PID_BLOCK_CONFIGURATION,16467,
LD301,0001,0402.sym,04.02,read_passwords,16597,
LD301,0001,0402.sym,04.02,write_totalizer_mode,16555,
LD301,0001,0402.sym,04.02,READ_DEVICE_MODE,16466,
LD301,0001,0402.sym,04.02,WRITE_PROPORTIONAL_FACTOR,16486,
LD301,0001,0402.sym,04.02,write_number_char_points,16519,
LD301,0001,0402.sym,04.02,WRITE_POWER_UP_DATA,16495,
LD301,0001,0501.sym,05.01,read_output_table_mode_number_of_points,16662,
LD301,0001,0501.sym,05.01,write_local_key_mode_control,16554,
LD301,0001,0501.sym,05.01,read_square_root_parameters,16502,
LD301,0001,0501.sym,05.01,READ_CONTROLLER_VARIABLES_PERCENTAGE,16482,
LD301,0001,0501.sym,05.01,write_communication_protection_mode,16548,
LD301,0001,0501.sym,05.01,read_change_counters,16547,
LD301,0001,0501.sym,05.01,read_totalizer_parameters,16592,
LD301,0001,0501.sym,05.01,read_display_code,16531,
LD301,0001,0501.sym,05.01,write_analog_output_alarm_select,16598,
LD301,0001,0501.sym,05.01,write_output_table_point,16660,
LD301,0001,0501.sym,05.01,write_smar_ordering_code,16565,
LD301,0001,0501.sym,05.01,read_char_trim_point,16525,
LD301,0001,0501.sym,05.01,read_output_table_point,16659,
LD301,0001,0501.sym,05.01,write_user_values,16574,
LD301,0001,0501.sym,05.01,read_smar_ordering_code,16564,
LD301,0001,0501.sym,05.01,write_device_identification_number,16504,
LD301,0001,0501.sym,05.01,write_user_unit_mode,16575,
LD301,0001,0501.sym,05.01,write_user_unit_string,16569,
LD301,0001,0501.sym,05.01,write_cut_off_mode,16505,
LD301,0001,0501.sym,05.01,read_user_unit_string,16568,
LD301,0001,0501.sym,05.01,WRITE_MANIPULATED_VARIABLE_LIMITS,16497,
LD301,0001,0501.sym,05.01,write_table_function,16469,
LD301,0001,0501.sym,05.01,reset_totalizer,16588,
LD301,0001,0501.sym,05.01,WRITE_INTEGRAL_TIME,16491,
LD301,0001,0501.sym,05.01,write_max_flow,16593,
LD301,0001,0501.sym,05.01,WRITE_SETPOINT,16484,
LD301,0001,0501.sym,05.01,write_output_table_mode,16663,
LD301,0001,0501.sym,05.01,WRITE_MANIPULATED_VARIABLE,16485,
LD301,0001,0501.sym,05.01,read_total,16589,
LD301,0001,0501.sym,05.01,write_total_conversion_factor,16594,
LD301,0001,0501.sym,05.01,write_characterization_trim_mode,16528,
LD301,0001,0501.sym,05.01,READ_MANIPULATED_VARIABLE_LIMITS,16496,
LD301,0001,0501.sym,05.01,backup_restore,16601,
LD301,0001,0501.sym,05.01,READ_PID_BLOCK_PARAMETERS,16489,
LD301,0001,0501.sym,05.01,read_static_data_material,16416,
LD301,0001,0501.sym,05.01,WRITE_DEVICE_MODE,16478,
LD301,0001,0501.sym,05.01,write_square_root_parameters,16503,
LD301,0001,0501.sym,05.01,write_number_table_points,16470,
LD301,0001,0501.sym,05.01,write_number_of_points,16664,
LD301,0001,0501.sym,05.01,write_enable_disable_zero_curve_flag,16604,
LD301,0001,0501.sym,05.01,read_users_values,16573,
LD301,0001,0501.sym,05.01,WRITE_PID_BLOCK_CONFIGURATION,16477,
LD301,0001,0501.sym,05.01,READ_POWER_UP_DATA,16500,
LD301,0001,0501.sym,05.01,write_static_data_material,16417,
LD301,0001,0501.sym,05.01,read_controller_variables,16610,
LD301,0001,0501.sym,05.01,write_power_up_setpoint,16612,
LD301,0001,0501.sym,05.01,read_table_function,16468,
LD301,0001,0501.sym,05.01,read_measured_fluid_density,16674,
LD301,0001,0501.sym,05.01,trim_temperature_sensor,16606,
LD301,0001,0501.sym,05.01,write_passwords,16561,
LD301,0001,0501.sym,05.01,read_total_unit,16596,
LD301,0001,0501.sym,05.01,read_overload_parameters,16673,
LD301,0001,0501.sym,05.01,write_password_levels,16585,
LD301,0001,0501.sym,05.01,WRITE_DERIVATIVE_TIME,16492,
LD301,0001,0501.sym,05.01,write_measured_fluid_density,16675,
LD301,0001,0501.sym,05.01,write_total_unit,16597,
LD301,0001,0501.sym,05.01,read_password_levels,16576,
LD301,0001,0501.sym,05.01,Write_Display_Code,16532,
LD301,0001,0501.sym,05.01,read_enable_disable_zero_curve_flag,16603,
LD301,0001,0501.sym,05.01,write_char_trim_point,16527,
LD301,0001,0501.sym,05.01,WRITE_SETPOINT_TRACKING_AND_CONTROLLER_MODE,16483,
LD301,0001,0501.sym,05.01,READ_PID_BLOCK_CONFIGURATION,16476,
LD301,0001,0501.sym,05.01,read_passwords,16556,
LD301,0001,0501.sym,05.01,write_totalizer_mode,16587,
LD301,0001,0501.sym,05.01,read_local_key_mode_control,16553,
LD301,0001,0501.sym,05.01,READ_DEVICE_MODE,16475,
LD301,0001,0501.sym,05.01,WRITE_PROPORTIONAL_FACTOR,16490,
LD301,0001,0501.sym,05.01,write_number_char_points,16526,
LD301,0001,0501.sym,05.01,WRITE_POWER_UP_DATA,16501,
