model,dd_dir,sym_file,dd_rev_guess,command_name,sym_id,flags
TT301,0002,0202.sym,02.02,write_set_point_time_generator_mode,16477,
TT301,0002,0202.sym,02.02,write_special_unit,16545,
TT301,0002,0202.sym,02.02,write_write_protection_mode,16525,
TT301,0002,0202.sym,02.02,enable_cold_junction_for_mv_special,16574,
TT301,0002,0202.sym,02.02,read_special_sensor_input_data,16553,
TT301,0002,0202.sym,02.02,write_power_on_data,16470,
TT301,0002,0202.sym,02.02,write_special_sensor_input_data,16559,
TT301,0002,0202.sym,02.02,reset_counter_of_change,16521,
TT301,0002,0202.sym,02.02,write_static_data_configuration,16425,
TT301,0002,0202.sym,02.02,write_alarm_configuration,16500,
TT301,0002,0202.sym,02.02,read_curve_parameters,16478,
TT301,0002,0202.sym,02.02,read_password,16528,
TT301,0002,0202.sym,02.02,perform_user_calibration,16431,
TT301,0002,0202.sym,02.02,write_menu_configuration_password,16570,
TT301,0002,0202.sym,02.02,read_static_data_configuration,16422,
TT301,0002,0202.sym,02.02,read_display_code,16504,
TT301,0002,0202.sym,02.02,read_power_on_data,16467,
TT301,0002,0202.sym,02.02,read_counter_of_change,16508,
TT301,0002,0202.sym,02.02,write_smar_order_code,16538,
TT301,0002,0202.sym,02.02,read_pid_variables,16571,
TT301,0002,0202.sym,02.02,write_fail_safe_mode,16503,
TT301,0002,0202.sym,02.02,read_set_point_generator_congiguration,16471,
TT301,0002,0202.sym,02.02,write_special_sensor_calibration_limits,16552,
TT301,0002,0202.sym,02.02,acknowledge_alarm,16501,
TT301,0002,0202.sym,02.02,read_controller_variables,16442,
TT301,0002,0202.sym,02.02,read_fail_safe_mode,16502,
TT301,0002,0202.sym,02.02,read_special_sensor_calibration_limits,16546,
TT301,0002,0202.sym,02.02,read_write_protection_mode,16522,
TT301,0002,0202.sym,02.02,read_mv_Ohms_variable,16577,
TT301,0002,0202.sym,02.02,write_manipulated_variable,16461,
TT301,0002,0202.sym,02.02,read_pid_block_parameters,16451,
TT301,0002,0202.sym,02.02,write_set_point_generator_configuration,16476,
TT301,0002,0202.sym,02.02,read_controller_mode,16440,
TT301,0002,0202.sym,02.02,write_proportional_factor,16457,
TT301,0002,0202.sym,02.02,read_special_unit_and_characterization_unit,16539,
TT301,0002,0202.sym,02.02,read_pid_block_configuration,16435,
TT301,0002,0202.sym,02.02,WRITE_DISPLAY_CODE,16507,
TT301,0002,0202.sym,02.02,WRITE_SETPOINT,16460,
TT301,0002,0202.sym,02.02,restore_factory_trim,16573,
TT301,0002,0202.sym,02.02,read_manipulated_variable_limits,16462,
TT301,0002,0202.sym,02.02,read_static_data_trim,16426,
TT301,0002,0202.sym,02.02,write_setpoint_tracking_and_pid_mode,16450,
TT301,0002,0202.sym,02.02,write_pid_block_configuration,16439,
TT301,0002,0202.sym,02.02,read_cold_junction_configuration,16576,
TT301,0002,0202.sym,02.02,write_set_point_generator_time,16475,
TT301,0002,0202.sym,02.02,write_range_values_ram_based,16484,
TT301,0002,0202.sym,02.02,write_device_identification,16560,
TT301,0002,0202.sym,02.02,WRITE_DERIVATIVE_TIME,16459,
TT301,0002,0202.sym,02.02,write_manipulated_variable_limits,16466,
TT301,0002,0202.sym,02.02,write_set_point_curve_parameters,16483,
TT301,0002,0202.sym,02.02,perform_zero_calibration,16433,
TT301,0002,0202.sym,02.02,read_smar_order_code,16536,
TT301,0002,0202.sym,02.02,write_calibration_location,16434,
TT301,0002,0202.sym,02.02,WRITE_INTEGRAL_TIME,16458,
TT301,0002,0202.sym,02.02,write_controller_mode,16441,
TT301,0002,0202.sym,02.02,read_menu_configuration_password,16561,
TT301,0002,0202.sym,02.02,read_local_adjust_mode,16526,
TT301,0002,0202.sym,02.02,read_alarm_configuration_and_data,16488,
TT301,0002,0202.sym,02.02,write_password,16533,
TT301,0002,0301.sym,03.01,write_set_point_time_generator_mode,16477,
TT301,0002,0301.sym,03.01,write_special_unit,16545,
TT301,0002,0301.sym,03.01,write_write_protection_mode,16525,
TT301,0002,0301.sym,03.01,enable_cold_junction_for_mv_special,16574,
TT301,0002,0301.sym,03.01,read_special_sensor_input_data,16553,
TT301,0002,0301.sym,03.01,write_power_on_data,16470,
TT301,0002,0301.sym,03.01,write_special_sensor_input_data,16559,
TT301,0002,0301.sym,03.01,reset_counter_of_change,16521,
TT301,0002,0301.sym,03.01,write_static_data_configuration,16425,
TT301,0002,0301.sym,03.01,write_alarm_configuration,16500,
TT301,0002,0301.sym,03.01,read_curve_parameters,16478,
TT301,0002,0301.sym,03.01,read_password,16528,
TT301,0002,0301.sym,03.01,perform_user_calibration,16431,
TT301,0002,0301.sym,03.01,write_menu_configuration_password,16570,
TT301,0002,0301.sym,03.01,read_static_data_configuration,16422,
TT301,0002,0301.sym,03.01,read_display_code,16504,
TT301,0002,0301.sym,03.01,read_power_on_data,16467,
TT301,0002,0301.sym,03.01,read_counter_of_change,16508,
TT301,0002,0301.sym,03.01,write_smar_order_code,16538,
TT301,0002,0301.sym,03.01,read_pid_variables,16571,
TT301,0002,0301.sym,03.01,write_fail_safe_mode,16503,
TT301,0002,0301.sym,03.01,read_set_point_generator_congiguration,16471,
TT301,0002,0301.sym,03.01,write_special_sensor_calibration_limits,16552,
TT301,0002,0301.sym,03.01,acknowledge_alarm,16501,
TT301,0002,0301.sym,03.01,read_controller_variables,16442,
TT301,0002,0301.sym,03.01,read_fail_safe_mode,16502,
TT301,0002,0301.sym,03.01,read_special_sensor_calibration_limits,16546,
TT301,0002,0301.sym,03.01,read_write_protection_mode,16522,
TT301,0002,0301.sym,03.01,read_mv_Ohms_variable,16577,
TT301,0002,0301.sym,03.01,write_manipulated_variable,16461,
TT301,0002,0301.sym,03.01,read_pid_block_parameters,16451,
TT301,0002,0301.sym,03.01,write_set_point_generator_configuration,16476,
TT301,0002,0301.sym,03.01,read_controller_mode,16440,
TT301,0002,0301.sym,03.01,write_proportional_factor,16457,
TT301,0002,0301.sym,03.01,read_special_unit_and_characterization_unit,16539,
TT301,0002,0301.sym,03.01,read_pid_block_configuration,16435,
TT301,0002,0301.sym,03.01,WRITE_DISPLAY_CODE,16507,
TT301,0002,0301.sym,03.01,WRITE_SETPOINT,16460,
TT301,0002,0301.sym,03.01,restore_factory_trim,16573,
TT301,0002,0301.sym,03.01,read_manipulated_variable_limits,16462,
TT301,0002,0301.sym,03.01,read_static_data_trim,16426,
TT301,0002,0301.sym,03.01,write_setpoint_tracking_and_pid_mode,16450,
TT301,0002,0301.sym,03.01,write_pid_block_configuration,16439,
TT301,0002,0301.sym,03.01,read_cold_junction_configuration,16576,
TT301,0002,0301.sym,03.01,write_set_point_generator_time,16475,
TT301,0002,0301.sym,03.01,write_range_values_ram_based,16484,
TT301,0002,0301.sym,03.01,write_device_identification,16560,
TT301,0002,0301.sym,03.01,WRITE_DERIVATIVE_TIME,16459,
TT301,0002,0301.sym,03.01,write_manipulated_variable_limits,16466,
TT301,0002,0301.sym,03.01,write_set_point_curve_parameters,16483,
TT301,0002,0301.sym,03.01,perform_zero_calibration,16433,
TT301,0002,0301.sym,03.01,read_smar_order_code,16536,
TT301,0002,0301.sym,03.01,write_calibration_location,16434,
TT301,0002,0301.sym,03.01,WRITE_INTEGRAL_TIME,16458,
TT301,0002,0301.sym,03.01,write_controller_mode,16441,
TT301,0002,0301.sym,03.01,read_menu_configuration_password,16561,
TT301,0002,0301.sym,03.01,read_local_adjust_mode,16526,
TT301,0002,0301.sym,03.01,read_alarm_configuration_and_data,16488,
TT301,0002,0301.sym,03.01,write_password,16533,
TT301,0002,0401.sym,04.01,write_special_unit,16568,
TT301,0002,0401.sym,04.01,write_set_point_time_generator_mode,16500,
TT301,0002,0401.sym,04.01,write_write_protection_mode,16548,
TT301,0002,0401.sym,04.01,write_average_limit,16602,
TT301,0002,0401.sym,04.01,enable_cold_junction_for_mv_special,16597,
TT301,0002,0401.sym,04.01,read_special_sensor_input_data,16576,
TT301,0002,0401.sym,04.01,write_power_on_data,16493,
TT301,0002,0401.sym,04.01,write_special_sensor_input_data,16582,
TT301,0002,0401.sym,04.01,write_van_dusen_coefficients,16609,
TT301,0002,0401.sym,04.01,reset_counter_of_change,16544,
TT301,0002,0401.sym,04.01,write_static_data_configuration,16448,
TT301,0002,0401.sym,04.01,write_alarm_configuration,16523,
TT301,0002,0401.sym,04.01,read_curve_parameters,16501,
TT301,0002,0401.sym,04.01,read_password,16551,
TT301,0002,0401.sym,04.01,perform_user_calibration,16454,
TT301,0002,0401.sym,04.01,write_menu_configuration_password,16593,
TT301,0002,0401.sym,04.01,read_static_data_configuration,16445,
TT301,0002,0401.sym,04.01,read_display_code,16527,
TT301,0002,0401.sym,04.01,read_power_on_data,16490,
TT301,0002,0401.sym,04.01,read_counter_of_change,16531,
TT301,0002,0401.sym,04.01,write_smar_order_code,16561,
TT301,0002,0401.sym,04.01,read_pid_variables,16594,
TT301,0002,0401.sym,04.01,write_fail_safe_mode,16526,
TT301,0002,0401.sym,04.01,read_van_dusen_coefficients,16608,
TT301,0002,0401.sym,04.01,read_set_point_generator_congiguration,16494,
TT301,0002,0401.sym,04.01,write_special_sensor_calibration_limits,16575,
TT301,0002,0401.sym,04.01,acknowledge_alarm,16524,
TT301,0002,0401.sym,04.01,read_controller_variables,16465,
TT301,0002,0401.sym,04.01,read_fail_safe_mode,16525,
TT301,0002,0401.sym,04.01,read_special_sensor_calibration_limits,16569,
TT301,0002,0401.sym,04.01,read_write_protection_mode,16545,
TT301,0002,0401.sym,04.01,read_mv_Ohms_variable,16603,
TT301,0002,0401.sym,04.01,write_manipulated_variable,16484,
TT301,0002,0401.sym,04.01,read_pid_block_parameters,16474,
TT301,0002,0401.sym,04.01,write_set_point_generator_configuration,16499,
TT301,0002,0401.sym,04.01,read_controller_mode,16463,
TT301,0002,0401.sym,04.01,write_proportional_factor,16480,
TT301,0002,0401.sym,04.01,read_special_unit_and_characterization_unit,16562,
TT301,0002,0401.sym,04.01,read_pid_block_configuration,16458,
TT301,0002,0401.sym,04.01,read_average_limit,16601,
TT301,0002,0401.sym,04.01,write_trim_pt_terminal_sensor,16600,
TT301,0002,0401.sym,04.01,WRITE_DISPLAY_CODE,16530,
TT301,0002,0401.sym,04.01,WRITE_SETPOINT,16483,
TT301,0002,0401.sym,04.01,restore_factory_trim,16596,
TT301,0002,0401.sym,04.01,read_manipulated_variable_limits,16485,
TT301,0002,0401.sym,04.01,read_static_data_trim,16449,
TT301,0002,0401.sym,04.01,write_setpoint_tracking_and_pid_mode,16473,
TT301,0002,0401.sym,04.01,write_pid_block_configuration,16462,
TT301,0002,0401.sym,04.01,read_cold_junction_configuration,16599,
TT301,0002,0401.sym,04.01,write_set_point_generator_time,16498,
TT301,0002,0401.sym,04.01,write_range_values_ram_based,16507,
TT301,0002,0401.sym,04.01,write_device_identification,16583,
TT301,0002,0401.sym,04.01,write_manipulated_variable_limits,16489,
TT301,0002,0401.sym,04.01,WRITE_DERIVATIVE_TIME,16482,
TT301,0002,0401.sym,04.01,write_set_point_curve_parameters,16506,
TT301,0002,0401.sym,04.01,perform_zero_calibration,16456,
TT301,0002,0401.sym,04.01,read_smar_order_code,16559,
TT301,0002,0401.sym,04.01,write_calibration_location,16457,
TT301,0002,0401.sym,04.01,WRITE_INTEGRAL_TIME,16481,
TT301,0002,0401.sym,04.01,write_controller_mode,16464,
TT301,0002,0401.sym,04.01,read_menu_configuration_password,16584,
TT301,0002,0401.sym,04.01,read_local_adjust_mode,16549,
TT301,0002,0401.sym,04.01,read_alarm_configuration_and_data,16511,
TT301,0002,0401.sym,04.01,write_password,16556,
TT301,0002,0402.sym,04.02,read_square_root_parameters,16503,
TT301,0002,0402.sym,04.02,READ_CONTROLLER_VARIABLES_PERCENTAGE,16485,
TT301,0002,0402.sym,04.02,write_communication_protection_mode,16547,
TT301,0002,0402.sym,04.02,read_change_counters,16546,
TT301,0002,0402.sym,04.02,read_totalizer_parameters,16584,
TT301,0002,0402.sym,04.02,read_display_code,16532,
TT301,0002,0402.sym,04.02,write_analog_output_alarm_select,16590,
TT301,0002,0402.sym,04.02,read_char_trim_point,16526,
TT301,0002,0402.sym,04.02,write_user_values,16566,
TT301,0002,0402.sym,04.02,write_device_identification_number,16505,
TT301,0002,0402.sym,04.02,write_sense_ordering_code,16557,
TT301,0002,0402.sym,04.02,write_user_unit_mode,16567,
TT301,0002,0402.sym,04.02,write_user_unit_string,16561,
TT301,0002,0402.sym,04.02,write_cut_off_mode,16506,
TT301,0002,0402.sym,04.02,read_user_unit_string,16560,
TT301,0002,0402.sym,04.02,WRITE_MANIPULATED_VARIABLE_LIMITS,16498,
TT301,0002,0402.sym,04.02,write_table_function,16470,
TT301,0002,0402.sym,04.02,reset_totalizer,16580,
TT301,0002,0402.sym,04.02,WRITE_INTEGRAL_TIME,16494,
TT301,0002,0402.sym,04.02,write_max_flow,16585,
TT301,0002,0402.sym,04.02,WRITE_SETPOINT,16487,
TT301,0002,0402.sym,04.02,WRITE_MANIPULATED_VARIABLE,16488,
TT301,0002,0402.sym,04.02,read_total,16581,
TT301,0002,0402.sym,04.02,write_total_conversion_factor,16586,
TT301,0002,0402.sym,04.02,write_characterization_trim_mode,16529,
TT301,0002,0402.sym,04.02,READ_MANIPULATED_VARIABLE_LIMITS,16497,
TT301,0002,0402.sym,04.02,backup_restore,16593,
TT301,0002,0402.sym,04.02,READ_PID_BLOCK_PARAMETERS,16492,
TT301,0002,0402.sym,04.02,read_static_data_material,16417,
TT301,0002,0402.sym,04.02,WRITE_DEVICE_MODE,16479,
TT301,0002,0402.sym,04.02,write_square_root_parameters,16504,
TT301,0002,0402.sym,04.02,write_number_table_points,16471,
TT301,0002,0402.sym,04.02,write_enable_disable_zero_curve_flag,16596,
TT301,0002,0402.sym,04.02,read_users_values,16565,
TT301,0002,0402.sym,04.02,WRITE_PID_BLOCK_CONFIGURATION,16478,
TT301,0002,0402.sym,04.02,READ_POWER_UP_DATA,16501,
TT301,0002,0402.sym,04.02,write_static_data_material,16418,
TT301,0002,0402.sym,04.02,read_table_function,16469,
TT301,0002,0402.sym,04.02,trim_temperature_sensor,16598,
TT301,0002,0402.sym,04.02,write_passwords,16553,
TT301,0002,0402.sym,04.02,read_total_unit,16588,
TT301,0002,0402.sym,04.02,write_password_levels,16577,
TT301,0002,0402.sym,04.02,WRITE_DERIVATIVE_TIME,16495,
TT301,0002,0402.sym,04.02,write_total_unit,16589,
TT301,0002,0402.sym,04.02,read_password_levels,16568,
TT301,0002,0402.sym,04.02,Write_Display_Code,16533,
TT301,0002,0402.sym,04.02,read_enable_disable_zero_curve_flag,16595,
TT301,0002,0402.sym,04.02,write_char_trim_point,16528,
TT301,0002,0402.sym,04.02,WRITE_SETPOINT_TRACKING_AND_CONTROLLER_MODE,16486,
TT301,0002,0402.sym,04.02,READ_PID_BLOCK_CONFIGURATION,16477,
TT301,0002,0402.sym,04.02,read_passwords,16549,
TT301,0002,0402.sym,04.02,write_totalizer_mode,16579,
TT301,0002,0402.sym,04.02,READ_DEVICE_MODE,16476,
TT301,0002,0402.sym,04.02,WRITE_PROPORTIONAL_FACTOR,16493,
TT301,0002,0402.sym,04.02,write_number_char_points,16527,
TT301,0002,0402.sym,04.02,read_sense_ordering_code,16556,
TT301,0002,0402.sym,04.02,WRITE_POWER_UP_DATA,16502,
TT301,0002,0501.sym,05.01,write_set_point_curve_parameters,16506,
TT301,0002,0501.sym,05.01,read_van_dusen_coefficients,16608,
TT301,0002,0501.sym,05.01,write_manipulated_variable_limits,16489,
TT301,0002,0501.sym,05.01,read_smar_order_code,16559,
TT301,0002,0501.sym,05.01,read_set_point_generator_congiguration,16494,
TT301,0002,0501.sym,05.01,write_setpoint_tracking_and_pid_mode,16473,
TT301,0002,0501.sym,05.01,read_average_limit,16601,
TT301,0002,0501.sym,05.01,read_display_code,16527,
TT301,0002,0501.sym,05.01,read_menu_configuration_password,16584,
TT301,0002,0501.sym,05.01,write_alarm_configuration,16523,
TT301,0002,0501.sym,05.01,perform_user_calibration,16454,
TT301,0002,0501.sym,05.01,write_manipulated_variable,16484,
TT301,0002,0501.sym,05.01,read_power_on_data,16490,
TT301,0002,0501.sym,05.01,WRITE_DISPLAY_CODE,16530,
TT301,0002,0501.sym,05.01,write_range_values_ram_based,16507,
TT301,0002,0501.sym,05.01,read_special_unit_and_characterization_unit,16562,
TT301,0002,0501.sym,05.01,read_password,16551,
TT301,0002,0501.sym,05.01,enable_cold_junction_for_mv_special,16597,
TT301,0002,0501.sym,05.01,write_set_point_generator_time,16498,
TT301,0002,0501.sym,05.01,write_special_sensor_calibration_limits,16575,
TT301,0002,0501.sym,05.01,write_set_point_time_generator_mode,16500,
TT301,0002,0501.sym,05.01,write_proportional_factor,16480,
TT301,0002,0501.sym,05.01,write_calibration_location,16457,
TT301,0002,0501.sym,05.01,write_van_dusen_coefficients,16609,
TT301,0002,0501.sym,05.01,read_write_protection_mode,16545,
TT301,0002,0501.sym,05.01,reset_counter_of_change,16544,
TT301,0002,0501.sym,05.01,WRITE_INTEGRAL_TIME,16481,
TT301,0002,0501.sym,05.01,write_write_protection_mode,16548,
TT301,0002,0501.sym,05.01,WRITE_SETPOINT,16483,
TT301,0002,0501.sym,05.01,read_mv_Ohms_variable,16603,
TT301,0002,0501.sym,05.01,read_fail_safe_mode,16525,
TT301,0002,0501.sym,05.01,read_pid_block_configuration,16458,
TT301,0002,0501.sym,05.01,read_static_data_configuration,16445,
TT301,0002,0501.sym,05.01,write_power_on_data,16493,
TT301,0002,0501.sym,05.01,read_local_adjust_mode,16549,
TT301,0002,0501.sym,05.01,write_static_data_configuration,16448,
TT301,0002,0501.sym,05.01,write_controller_mode,16464,
TT301,0002,0501.sym,05.01,write_trim_pt_terminal_sensor,16600,
TT301,0002,0501.sym,05.01,write_device_identification,16583,
TT301,0002,0501.sym,05.01,read_static_data_trim,16449,
TT301,0002,0501.sym,05.01,write_smar_order_code,16561,
TT301,0002,0501.sym,05.01,read_special_sensor_calibration_limits,16569,
TT301,0002,0501.sym,05.01,read_special_sensor_input_data,16576,
TT301,0002,0501.sym,05.01,read_cold_junction_configuration,16599,
TT301,0002,0501.sym,05.01,write_average_limit,16602,
TT301,0002,0501.sym,05.01,read_alarm_configuration_and_data,16511,
TT301,0002,0501.sym,05.01,write_special_sensor_input_data,16582,
TT301,0002,0501.sym,05.01,read_controller_variables,16465,
TT301,0002,0501.sym,05.01,restore_factory_trim,16596,
TT301,0002,0501.sym,05.01,read_pid_block_parameters,16474,
TT301,0002,0501.sym,05.01,read_pid_variables,16594,
TT301,0002,0501.sym,05.01,write_password,16556,
TT301,0002,0501.sym,05.01,read_manipulated_variable_limits,16485,
TT301,0002,0501.sym,05.01,perform_zero_calibration,16456,
TT301,0002,0501.sym,05.01,write_menu_configuration_password,16593,
TT301,0002,0501.sym,05.01,read_curve_parameters,16501,
TT301,0002,0501.sym,05.01,WRITE_DERIVATIVE_TIME,16482,
TT301,0002,0501.sym,05.01,write_fail_safe_mode,16526,
TT301,0002,0501.sym,05.01,write_pid_block_configuration,16462,
TT301,0002,0501.sym,05.01,acknowledge_alarm,16524,
TT301,0002,0501.sym,05.01,read_controller_mode,16463,
TT301,0002,0501.sym,05.01,write_set_point_generator_configuration,16499,
TT301,0002,0501.sym,05.01,read_counter_of_change,16531,
TT301,0002,0501.sym,05.01,write_special_unit,16568,
TT301,0002,0601.sym,06.01,write_special_unit,16568,
TT301,0002,0601.sym,06.01,write_set_point_time_generator_mode,16500,
TT301,0002,0601.sym,06.01,write_write_protection_mode,16548,
TT301,0002,0601.sym,06.01,write_average_limit,16602,
TT301,0002,0601.sym,06.01,enable_cold_junction_for_mv_special,16597,
TT301,0002,0601.sym,06.01,read_special_sensor_input_data,16576,
TT301,0002,0601.sym,06.01,write_power_on_data,16493,
TT301,0002,0601.sym,06.01,write_special_sensor_input_data,16582,
TT301,0002,0601.sym,06.01,write_van_dusen_coefficients,16609,
TT301,0002,0601.sym,06.01,reset_counter_of_change,16544,
TT301,0002,0601.sym,06.01,write_static_data_configuration,16448,
TT301,0002,0601.sym,06.01,write_alarm_configuration,16523,
TT301,0002,0601.sym,06.01,read_curve_parameters,16501,
TT301,0002,0601.sym,06.01,read_password,16551,
TT301,0002,0601.sym,06.01,perform_user_calibration,16454,
TT301,0002,0601.sym,06.01,write_menu_configuration_password,16593,
TT301,0002,0601.sym,06.01,read_static_data_configuration,16445,
TT301,0002,0601.sym,06.01,read_display_code,16527,
TT301,0002,0601.sym,06.01,read_power_on_data,16490,
TT301,0002,0601.sym,06.01,read_counter_of_change,16531,
TT301,0002,0601.sym,06.01,write_smar_order_code,16561,
TT301,0002,0601.sym,06.01,read_pid_variables,16594,
TT301,0002,0601.sym,06.01,write_fail_safe_mode,16526,
TT301,0002,0601.sym,06.01,read_van_dusen_coefficients,16608,
TT301,0002,0601.sym,06.01,read_set_point_generator_congiguration,16494,
TT301,0002,0601.sym,06.01,write_special_sensor_calibration_limits,16575,
TT301,0002,0601.sym,06.01,acknowledge_alarm,16524,
TT301,0002,0601.sym,06.01,read_controller_variables,16465,
TT301,0002,0601.sym,06.01,read_fail_safe_mode,16525,
TT301,0002,0601.sym,06.01,read_special_sensor_calibration_limits,16569,
TT301,0002,0601.sym,06.01,read_write_protection_mode,16545,
TT301,0002,0601.sym,06.01,read_mv_Ohms_variable,16603,
TT301,0002,0601.sym,06.01,write_manipulated_variable,16484,
TT301,0002,0601.sym,06.01,read_pid_block_parameters,16474,
TT301,0002,0601.sym,06.01,write_set_point_generator_configuration,16499,
TT301,0002,0601.sym,06.01,read_controller_mode,16463,
TT301,0002,0601.sym,06.01,write_proportional_factor,16480,
TT301,0002,0601.sym,06.01,read_special_unit_and_characterization_unit,16562,
TT301,0002,0601.sym,06.01,read_pid_block_configuration,16458,
TT301,0002,0601.sym,06.01,read_average_limit,16601,
TT301,0002,0601.sym,06.01,write_trim_pt_terminal_sensor,16600,
TT301,0002,0601.sym,06.01,WRITE_DISPLAY_CODE,16530,
TT301,0002,0601.sym,06.01,WRITE_SETPOINT,16483,
TT301,0002,0601.sym,06.01,restore_factory_trim,16596,
TT301,0002,0601.sym,06.01,read_manipulated_variable_limits,16485,
TT301,0002,0601.sym,06.01,read_static_data_trim,16449,
TT301,0002,0601.sym,06.01,write_setpoint_tracking_and_pid_mode,16473,
TT301,0002,0601.sym,06.01,write_pid_block_configuration,16462,
TT301,0002,0601.sym,06.01,read_cold_junction_configuration,16599,
TT301,0002,0601.sym,06.01,write_set_point_generator_time,16498,
TT301,0002,0601.sym,06.01,write_range_values_ram_based,16507,
TT301,0002,0601.sym,06.01,write_device_identification,16583,
TT301,0002,0601.sym,06.01,write_manipulated_variable_limits,16489,
TT301,0002,0601.sym,06.01,WRITE_DERIVATIVE_TIME,16482,
TT301,0002,0601.sym,06.01,write_set_point_curve_parameters,16506,
TT301,0002,0601.sym,06.01,perform_zero_calibration,16456,
TT301,0002,0601.sym,06.01,read_smar_order_code,16559,
TT301,0002,0601.sym,06.01,write_calibration_location,16457,
TT301,0002,0601.sym,06.01,WRITE_INTEGRAL_TIME,16481,
TT301,0002,0601.sym,06.01,write_controller_mode,16464,
TT301,0002,0601.sym,06.01,read_menu_configuration_password,16584,
TT301,0002,0601.sym,06.01,read_local_adjust_mode,16549,
TT301,0002,0601.sym,06.01,read_alarm_configuration_and_data,16511,
TT301,0002,0601.sym,06.01,write_password,16556,
TT301,0002,0602.sym,06.02,write_set_point_curve_parameters,16506,
TT301,0002,0602.sym,06.02,read_van_dusen_coefficients,16604,
TT301,0002,0602.sym,06.02,write_manipulated_variable_limits,16489,
TT301,0002,0602.sym,06.02,read_smar_order_code,16559,
TT301,0002,0602.sym,06.02,read_set_point_generator_congiguration,16494,
TT301,0002,0602.sym,06.02,write_setpoint_tracking_and_pid_mode,16473,
TT301,0002,0602.sym,06.02,read_average_limit,16597,
TT301,0002,0602.sym,06.02,read_display_code,16527,
TT301,0002,0602.sym,06.02,read_menu_configuration_password,16580,
TT301,0002,0602.sym,06.02,write_alarm_configuration,16523,
TT301,0002,0602.sym,06.02,perform_user_calibration,16454,
TT301,0002,0602.sym,06.02,write_manipulated_variable,16484,
TT301,0002,0602.sym,06.02,read_power_on_data,16490,
TT301,0002,0602.sym,06.02,WRITE_DISPLAY_CODE,16530,
TT301,0002,0602.sym,06.02,write_range_values_ram_based,16507,
TT301,0002,0602.sym,06.02,read_special_unit_and_characterization_unit,16562,
TT301,0002,0602.sym,06.02,read_password,16551,
TT301,0002,0602.sym,06.02,enable_cold_junction_for_mv_special,16593,
TT301,0002,0602.sym,06.02,write_set_point_generator_time,16498,
TT301,0002,0602.sym,06.02,write_special_sensor_calibration_limits,16571,
TT301,0002,0602.sym,06.02,write_set_point_time_generator_mode,16500,
TT301,0002,0602.sym,06.02,write_proportional_factor,16480,
TT301,0002,0602.sym,06.02,write_calibration_location,16457,
TT301,0002,0602.sym,06.02,write_van_dusen_coefficients,16605,
TT301,0002,0602.sym,06.02,read_write_protection_mode,16545,
TT301,0002,0602.sym,06.02,reset_counter_of_change,16544,
TT301,0002,0602.sym,06.02,WRITE_INTEGRAL_TIME,16481,
TT301,0002,0602.sym,06.02,write_write_protection_mode,16548,
TT301,0002,0602.sym,06.02,WRITE_SETPOINT,16483,
TT301,0002,0602.sym,06.02,read_mv_Ohms_variable,16599,
TT301,0002,0602.sym,06.02,read_fail_safe_mode,16525,
TT301,0002,0602.sym,06.02,read_pid_block_configuration,16458,
TT301,0002,0602.sym,06.02,read_static_data_configuration,16445,
TT301,0002,0602.sym,06.02,write_power_on_data,16493,
TT301,0002,0602.sym,06.02,read_local_adjust_mode,16549,
TT301,0002,0602.sym,06.02,write_static_data_configuration,16448,
TT301,0002,0602.sym,06.02,write_controller_mode,16464,
TT301,0002,0602.sym,06.02,write_trim_pt_terminal_sensor,16596,
TT301,0002,0602.sym,06.02,write_device_identification,16579,
TT301,0002,0602.sym,06.02,read_static_data_trim,16449,
TT301,0002,0602.sym,06.02,write_smar_order_code,16561,
TT301,0002,0602.sym,06.02,read_special_sensor_calibration_limits,16565,
TT301,0002,0602.sym,06.02,read_special_sensor_input_data,16572,
TT301,0002,0602.sym,06.02,read_cold_junction_configuration,16595,
TT301,0002,0602.sym,06.02,write_average_limit,16598,
TT301,0002,0602.sym,06.02,read_alarm_configuration_and_data,16511,
TT301,0002,0602.sym,06.02,write_special_sensor_input_data,16578,
TT301,0002,0602.sym,06.02,read_controller_variables,16465,
TT301,0002,0602.sym,06.02,restore_factory_trim,16592,
TT301,0002,0602.sym,06.02,read_pid_block_parameters,16474,
TT301,0002,0602.sym,06.02,read_pid_variables,16590,
TT301,0002,0602.sym,06.02,write_password,16556,
TT301,0002,0602.sym,06.02,read_manipulated_variable_limits,16485,
TT301,0002,0602.sym,06.02,perform_zero_calibration,16456,
TT301,0002,0602.sym,06.02,write_menu_configuration_password,16589,
TT301,0002,0602.sym,06.02,read_curve_parameters,16501,
TT301,0002,0602.sym,06.02,WRITE_DERIVATIVE_TIME,16482,
TT301,0002,0602.sym,06.02,write_fail_safe_mode,16526,
TT301,0002,0602.sym,06.02,write_pid_block_configuration,16462,
TT301,0002,0602.sym,06.02,acknowledge_alarm,16524,
TT301,0002,0602.sym,06.02,read_controller_mode,16463,
TT301,0002,0602.sym,06.02,write_set_point_generator_configuration,16499,
TT301,0002,0602.sym,06.02,read_counter_of_change,16531,
TT301,0002,0602.sym,06.02,write_special_unit,16564,
TT301,0002,0701.sym,07.01,write_set_point_curve_parameters,16506,
TT301,0002,0701.sym,07.01,read_van_dusen_coefficients,16608,
TT301,0002,0701.sym,07.01,write_manipulated_variable_limits,16489,
TT301,0002,0701.sym,07.01,read_smar_order_code,16559,
TT301,0002,0701.sym,07.01,read_set_point_generator_congiguration,16494,
TT301,0002,0701.sym,07.01,write_setpoint_tracking_and_pid_mode,16473,
TT301,0002,0701.sym,07.01,read_average_limit,16601,
TT301,0002,0701.sym,07.01,read_display_code,16527,
TT301,0002,0701.sym,07.01,read_menu_configuration_password,16584,
TT301,0002,0701.sym,07.01,write_alarm_configuration,16523,
TT301,0002,0701.sym,07.01,perform_user_calibration,16454,
TT301,0002,0701.sym,07.01,write_manipulated_variable,16484,
TT301,0002,0701.sym,07.01,read_power_on_data,16490,
TT301,0002,0701.sym,07.01,WRITE_DISPLAY_CODE,16530,
TT301,0002,0701.sym,07.01,write_range_values_ram_based,16507,
TT301,0002,0701.sym,07.01,read_special_unit_and_characterization_unit,16562,
TT301,0002,0701.sym,07.01,read_password,16551,
TT301,0002,0701.sym,07.01,enable_cold_junction_for_mv_special,16597,
TT301,0002,0701.sym,07.01,write_set_point_generator_time,16498,
TT301,0002,0701.sym,07.01,write_special_sensor_calibration_limits,16575,
TT301,0002,0701.sym,07.01,write_set_point_time_generator_mode,16500,
TT301,0002,0701.sym,07.01,write_proportional_factor,16480,
TT301,0002,0701.sym,07.01,write_calibration_location,16457,
TT301,0002,0701.sym,07.01,write_van_dusen_coefficients,16609,
TT301,0002,0701.sym,07.01,read_write_protection_mode,16545,
TT301,0002,0701.sym,07.01,reset_counter_of_change,16544,
TT301,0002,0701.sym,07.01,WRITE_INTEGRAL_TIME,16481,
TT301,0002,0701.sym,07.01,write_write_protection_mode,16548,
TT301,0002,0701.sym,07.01,WRITE_SETPOINT,16483,
TT301,0002,0701.sym,07.01,read_mv_Ohms_variable,16603,
TT301,0002,0701.sym,07.01,read_fail_safe_mode,16525,
TT301,0002,0701.sym,07.01,read_pid_block_configuration,16458,
TT301,0002,0701.sym,07.01,read_static_data_configuration,16445,
TT301,0002,0701.sym,07.01,write_power_on_data,16493,
TT301,0002,0701.sym,07.01,read_local_adjust_mode,16549,
TT301,0002,0701.sym,07.01,write_static_data_configuration,16448,
TT301,0002,0701.sym,07.01,write_controller_mode,16464,
TT301,0002,0701.sym,07.01,write_trim_pt_terminal_sensor,16600,
TT301,0002,0701.sym,07.01,write_device_identification,16583,
TT301,0002,0701.sym,07.01,read_static_data_trim,16449,
TT301,0002,0701.sym,07.01,write_smar_order_code,16561,
TT301,0002,0701.sym,07.01,read_special_sensor_calibration_limits,16569,
TT301,0002,0701.sym,07.01,read_special_sensor_input_data,16576,
TT301,0002,0701.sym,07.01,read_cold_junction_configuration,16599,
TT301,0002,0701.sym,07.01,write_average_limit,16602,
TT301,0002,0701.sym,07.01,read_alarm_configuration_and_data,16511,
TT301,0002,0701.sym,07.01,write_special_sensor_input_data,16582,
TT301,0002,0701.sym,07.01,read_controller_variables,16465,
TT301,0002,0701.sym,07.01,restore_factory_trim,16596,
TT301,0002,0701.sym,07.01,read_pid_block_parameters,16474,
TT301,0002,0701.sym,07.01,read_pid_variables,16594,
TT301,0002,0701.sym,07.01,write_password,16556,
TT301,0002,0701.sym,07.01,read_manipulated_variable_limits,16485,
TT301,0002,0701.sym,07.01,perform_zero_calibration,16456,
TT301,0002,0701.sym,07.01,write_menu_configuration_password,16593,
TT301,0002,0701.sym,07.01,read_curve_parameters,16501,
TT301,0002,0701.sym,07.01,WRITE_DERIVATIVE_TIME,16482,
TT301,0002,0701.sym,07.01,write_fail_safe_mode,16526,
TT301,0002,0701.sym,07.01,write_pid_block_configuration,16462,
TT301,0002,0701.sym,07.01,acknowledge_alarm,16524,
TT301,0002,0701.sym,07.01,read_controller_mode,16463,
TT301,0002,0701.sym,07.01,write_set_point_generator_configuration,16499,
TT301,0002,0701.sym,07.01,read_counter_of_change,16531,
TT301,0002,0701.sym,07.01,write_special_unit,16568,
TT301,0002,0702.sym,07.02,write_set_point_curve_parameters,16506,
TT301,0002,0702.sym,07.02,read_van_dusen_coefficients,16604,
TT301,0002,0702.sym,07.02,write_manipulated_variable_limits,16489,
TT301,0002,0702.sym,07.02,read_smar_order_code,16559,
TT301,0002,0702.sym,07.02,read_set_point_generator_congiguration,16494,
TT301,0002,0702.sym,07.02,write_setpoint_tracking_and_pid_mode,16473,
TT301,0002,0702.sym,07.02,read_average_limit,16597,
TT301,0002,0702.sym,07.02,read_display_code,16527,
TT301,0002,0702.sym,07.02,read_menu_configuration_password,16580,
TT301,0002,0702.sym,07.02,write_alarm_configuration,16523,
TT301,0002,0702.sym,07.02,perform_user_calibration,16454,
TT301,0002,0702.sym,07.02,write_manipulated_variable,16484,
TT301,0002,0702.sym,07.02,read_power_on_data,16490,
TT301,0002,0702.sym,07.02,WRITE_DISPLAY_CODE,16530,
TT301,0002,0702.sym,07.02,write_range_values_ram_based,16507,
TT301,0002,0702.sym,07.02,read_special_unit_and_characterization_unit,16562,
TT301,0002,0702.sym,07.02,read_password,16551,
TT301,0002,0702.sym,07.02,enable_cold_junction_for_mv_special,16593,
TT301,0002,0702.sym,07.02,write_set_point_generator_time,16498,
TT301,0002,0702.sym,07.02,write_special_sensor_calibration_limits,16571,
TT301,0002,0702.sym,07.02,write_set_point_time_generator_mode,16500,
TT301,0002,0702.sym,07.02,write_proportional_factor,16480,
TT301,0002,0702.sym,07.02,write_calibration_location,16457,
TT301,0002,0702.sym,07.02,write_van_dusen_coefficients,16605,
TT301,0002,0702.sym,07.02,read_write_protection_mode,16545,
TT301,0002,0702.sym,07.02,reset_counter_of_change,16544,
TT301,0002,0702.sym,07.02,WRITE_INTEGRAL_TIME,16481,
TT301,0002,0702.sym,07.02,write_write_protection_mode,16548,
TT301,0002,0702.sym,07.02,WRITE_SETPOINT,16483,
TT301,0002,0702.sym,07.02,read_mv_Ohms_variable,16599,
TT301,0002,0702.sym,07.02,read_fail_safe_mode,16525,
TT301,0002,0702.sym,07.02,read_pid_block_configuration,16458,
TT301,0002,0702.sym,07.02,read_static_data_configuration,16445,
TT301,0002,0702.sym,07.02,write_power_on_data,16493,
TT301,0002,0702.sym,07.02,read_local_adjust_mode,16549,
TT301,0002,0702.sym,07.02,write_static_data_configuration,16448,
TT301,0002,0702.sym,07.02,write_controller_mode,16464,
TT301,0002,0702.sym,07.02,write_trim_pt_terminal_sensor,16596,
TT301,0002,0702.sym,07.02,write_device_identification,16579,
TT301,0002,0702.sym,07.02,read_static_data_trim,16449,
TT301,0002,0702.sym,07.02,write_smar_order_code,16561,
TT301,0002,0702.sym,07.02,read_special_sensor_calibration_limits,16565,
TT301,0002,0702.sym,07.02,read_special_sensor_input_data,16572,
TT301,0002,0702.sym,07.02,read_cold_junction_configuration,16595,
TT301,0002,0702.sym,07.02,write_average_limit,16598,
TT301,0002,0702.sym,07.02,read_alarm_configuration_and_data,16511,
TT301,0002,0702.sym,07.02,write_special_sensor_input_data,16578,
TT301,0002,0702.sym,07.02,read_controller_variables,16465,
TT301,0002,0702.sym,07.02,restore_factory_trim,16592,
TT301,0002,0702.sym,07.02,read_pid_block_parameters,16474,
TT301,0002,0702.sym,07.02,read_pid_variables,16590,
TT301,0002,0702.sym,07.02,write_password,16556,
TT301,0002,0702.sym,07.02,read_manipulated_variable_limits,16485,
TT301,0002,0702.sym,07.02,perform_zero_calibration,16456,
TT301,0002,0702.sym,07.02,write_menu_configuration_password,16589,
TT301,0002,0702.sym,07.02,read_curve_parameters,16501,
TT301,0002,0702.sym,07.02,WRITE_DERIVATIVE_TIME,16482,
TT301,0002,0702.sym,07.02,write_fail_safe_mode,16526,
TT301,0002,0702.sym,07.02,write_pid_block_configuration,16462,
TT301,0002,0702.sym,07.02,acknowledge_alarm,16524,
TT301,0002,0702.sym,07.02,read_controller_mode,16463,
TT301,0002,0702.sym,07.02,write_set_point_generator_configuration,16499,
TT301,0002,0702.sym,07.02,read_counter_of_change,16531,
TT301,0002,0702.sym,07.02,write_special_unit,16564,
